﻿<?xml version="1.0" encoding="utf-8"?>
<settings xmlns:xsi="http://www.w3.org/2001/XMLSchema-instance" xmlns:xsd="http://www.w3.org/2001/XMLSchema">
  <Ports>
    <Port name="COM4" ID="COM-Schnittstelle ">
      <BaudRate>4800</BaudRate>
      <Parity>Even</Parity>
      <DataBits>8</DataBits>
      <StopBits>Two</StopBits>
      <Handshake>None</Handshake>
      <description>
      </description>
    </Port>
  </Ports>
  <Therme>
    <MaxPower>19</MaxPower>
    <ZZahl>0,962700009346008</ZZahl>
    <Brennwert>10</Brennwert>
  </Therme>
  <devices>
    <device ID="2098" name="V200KW2" protocol="KW" />
    <device ID="2053" name="GWG_VBEM" protocol="GWG" />
    <device ID="20A4" name="V200GW1" protocol="KW2" />
    <device ID="2098" name="V200KW2" protocol="KW" />
    <device ID="20B4" name="V050 HK1M" protocol="KW" />
    <device ID="20AC" name="V050 HK1S" protocol="KW" />
    <device ID="20AA" name="V050 HK1W" protocol="KW" />
    <device ID="20AD" name="V050 HK3S" protocol="KW" />
    <device ID="20AB" name="V050 HK3W" protocol="KW" />
    <device ID="20A0" name="V100 GC1" protocol="KW" />
    <device ID="2091" name="V100 KC2" protocol="KW" />
    <device ID="2092" name="V150 KB1" protocol="KW" />
    <device ID="20A4" name="V200 GW1" protocol="KW" />
    <device ID="2094" name="V200 KW1" protocol="KW" />
    <device ID="2098" name="V200 KW2" protocol="KW" />
    <device ID="20A5" name="V300 GW2" protocol="KW" />
    <device ID="209C" name="V300 KW3" protocol="KW" />
    <device ID="20B8" name="V333 MW1" protocol="300,KW" />
    <device ID="20B9" name="V333 MW1S" protocol="300,KW" />
    <device ID="20BA" name="V333 MW2" protocol="300,KW" />
    <device ID="20C0" name="VDensHC1" protocol="300,KW" />
    <device ID="20C1" name="VDensHC2" protocol="300,KW" />
    <device ID="20C2" name="VDensHO2" protocol="300,KW" />
    <device ID="20C3" name="VDensHC1" protocol="300,KW" />
    <device ID="20C4" name="VDensHC2" protocol="300,KW" />
    <device ID="20C5" name="VPendHO1" protocol="300,KW" />
    <device ID="20C6" name="VPlusHC1" protocol="300,KW" />
    <device ID="20C7" name="VPlusHC2" protocol="300,KW" />
    <device ID="20C8" name="VPlusHO1" protocol="300,KW" />
    <device ID="20C9" name="VPlusHC1" protocol="300,KW" />
    <device ID="20CA" name="VPlusHC2" protocol="300,KW" />
    <device ID="20CB" name="VScotHO1" protocol="300,KW" />
    <device ID="2047" name="VBC700_AW" protocol="300,KW" />
    <device ID="2047" name="VBC700_BW_WW" protocol="300,KW" />
    <device ID="2032" name="VBC700_BW_WW" protocol="300,KW" />
    <device ID="2033" name="VBC550P" protocol="300,KW" />
  </devices>
  <Graph_Datenquellen>
    <Graph name="Graph0" ID="analog">
      <addr>5525</addr>
      <color>#FFFFFF00</color>
      <active>True</active>
      <description>AT geglättet</description>
    </Graph>
    <Graph name="Graph0" ID="analog">
      <addr>5523</addr>
      <color>#FFFFFF80</color>
      <active>True</active>
      <description>AT gedämpft</description>
    </Graph>
    <Graph name="Graph1" ID="analog">
      <addr>0802</addr>
      <color>#FFFF8000</color>
      <active>True</active>
      <description>KesselTmp</description>
    </Graph>
    <Graph name="Graph2" ID="analog">
      <addr>0C20</addr>
      <color>#FF0000FF</color>
      <active>True</active>
      <description>Rückl.Temp</description>
    </Graph>
    <Graph name="Graph3" ID="analog">
      <addr>555A</addr>
      <color>#FF804000</color>
      <active>True</active>
      <description>Kesseltemp. Soll</description>
    </Graph>
    <Graph name="Graph4" ID="analog">
      <addr>0804</addr>
      <color>#FF00FF00</color>
      <active>True</active>
      <description>SpeicherTmp</description>
    </Graph>
    <Graph name="Graph5" ID="analog">
      <addr>6500</addr>
      <color>#FF006400</color>
      <active>True</active>
      <description>Sp.Tmp Soll akt.</description>
    </Graph>
    <Graph name="Graph6" ID="analog">
      <addr>0808</addr>
      <color>#FF616161</color>
      <active>True</active>
      <description>AbgasTmp</description>
    </Graph>
    <Graph name="Graph7" ID="analog">
      <addr>0C24</addr>
      <color>#FF00FFFF</color>
      <active>True</active>
      <description>Vol.Strom</description>
    </Graph>
    <Graph name="Graph8" ID="analog">
      <addr>55D3</addr>
      <color>#FFFF0000</color>
      <active>True</active>
      <description>Br.Modulat.</description>
    </Graph>
    <Graph name="Graph8a" ID="analog">
      <addr>A38F</addr>
      <color>#FFFF8080</color>
      <active>False</active>
      <description>Br.Leistung</description>
    </Graph>
    <Graph name="Graph9" ID="analog">
      <addr>0A3C</addr>
      <color>#FF7D7DFF</color>
      <active>True</active>
      <description>HK_Pump.Leistg.</description>
    </Graph>
    <Graph name="Graph11" ID="digital">
      <addr>6515</addr>
      <color>#FFFF00FF</color>
      <active>True</active>
      <description>Zirku.Pump.</description>
    </Graph>
    <Graph name="Graph12" ID="digital">
      <addr>0A10</addr>
      <color>#CCCCCCFF</color>
      <active>True</active>
      <description>Umsch.Ventil</description>
    </Graph>
  </Graph_Datenquellen>
</settings>