dbo_ecnDatapointType.Address;DataPointTypeId;Id;CompanyId;EnumType;Name;dbo_ecnEventType.Address;Conversion;Description;Priority;Filtercriterion;Reportingcriterion;Type;URL;DefaultValue;ObjectId
Vitocom200_LAN_GP;351;1;24;-1;ecnStatusEventType;ecnStatusEventType;NoConversion;;50;-1;-1;1;;;-1
Vitocom200_LAN_GP;351;5399;24;0;@@viessmann.eventtype.name.vcLanAnlagennummer;vcLanAnlagennummer~0x7776;NoConversion;@@viessmann.eventtype.vcLanAnlagennummer.description;100;-1;-1;3;;1;-1
Vitocom200_LAN_GP;351;4416;24;0;@@viessmann.eventtype.name.RPCLesenFehlerhistorie;RPCLesenFehlerhistorie~0xA022;NoConversion;@@viessmann.eventtype.RPCLesenFehlerhistorie.description;100;-1;-1;3;;;-1
Vitocom200_LAN_GP;351;4417;24;0;@@viessmann.eventtype.name.RPCLesenFehlertabelle;RPCLesenFehlertabelle~0xA020;NoConversion;@@viessmann.eventtype.RPCLesenFehlertabelle.description;100;-1;-1;3;;;-1
Vitocom200_LAN_GP;351;5424;24;0;@@viessmann.eventtype.name.vcLanGeraetekennung;vcLanGeraetekennung~0x00F8;NoConversion;@@viessmann.eventtype.vcLanGeraetekennung.description;100;-1;-1;1;;;-1
Vitocom200_LAN_GP;351;5469;24;-1;@@viessmann.eventtype.name.vcLanModemTyp;vcLanModemTyp~0xAE00;NoConversion;@@viessmann.eventtype.vcLanModemTyp.description;50;-1;-1;1;;;-1
Vitocom200_LAN_GP;351;5488;24;0;@@viessmann.eventtype.name.vcLanTeilnehmernummer;vcLanTeilnehmernummer~0x7777;NoConversion;@@viessmann.eventtype.vcLanTeilnehmernummer.description;100;-1;-1;3;;99;-1
Vitocom200_LAN_GP;351;5515;24;0;@@viessmann.eventtype.name.VersionVitocom;VersionVitocom~0x00F8;HexByte2Version;@@viessmann.eventtype.VersionVitocom.description;100;-1;-1;1;;;-1
Vitocom200_LAN_GP;351;5519;24;0;@@viessmann.eventtype.name.Vitocom_Kennung;Vitocom_Kennung~0x00F8;NoConversion;@@viessmann.eventtype.Vitocom_Kennung.description;100;-1;-1;1;;;-1
Vitocom200_LAN_GP;351;5690;24;-1;@@viessmann.eventtype.name.vlogRPCConfigDigitalOutputGM_01;vlogRPCConfigDigitalOutputGM_01~0xA08D;NoConversion;@@viessmann.eventtype.vlogRPCConfigDigitalOutputGM_01.description;50;-1;-1;3;;;-1
Vitocom200_LAN_GP;351;5869;24;-1;@@viessmann.eventtype.name.vlogRPCReadDigitalInputGM_01;vlogRPCReadDigitalInputGM_01~0xA06A;NoConversion;@@viessmann.eventtype.vlogRPCReadDigitalInputGM_01.description;50;-1;-1;3;~/Service/VComIODEDisplayDefinitionConfiguration.aspx;;-1
Vitocom200_LAN_GP;351;5870;24;-1;@@viessmann.eventtype.name.vlogRPCReadDigitalInputGM_02;vlogRPCReadDigitalInputGM_02~0xA06A;NoConversion;@@viessmann.eventtype.vlogRPCReadDigitalInputGM_02.description;50;-1;-1;3;~/Service/VComIODEDisplayDefinitionConfiguration.aspx;;-1
Vitocom200_LAN_GP;351;5901;24;-1;@@viessmann.eventtype.name.vlogRPCSetDigitalOutputGM01;vlogRPCSetDigitalOutputGM01~0xA08C;NoConversion;@@viessmann.eventtype.vlogRPCSetDigitalOutputGM01.description;50;-1;-1;3;~/Service/VComIODADisplayDefinitionConfiguration.aspx;0;-1
Vitocom200_LAN_GP;351;7607;24;0;ecnsysEventType~VCOMError;ecnsysEventType~VCOMError;NoConversion;;100;-1;-1;1;;;-1
Vitocom200_LAN_GP;351;7608;24;0;ecnsysEventType~ErrorNotification;ecnsysEventType~ErrorNotification;NoConversion;;100;-1;-1;1;;;-1
Vitocom200_LAN_GP;351;7183;24;0;ecnsysEventType~Error;ecnsysEventType~Error;NoConversion;;100;-1;-1;1;;;-1
Vitocom200_LAN_GP;351;7184;24;0;ecnsysEventType~ErrorIndex;ecnsysEventType~ErrorIndex;NoConversion;;100;-1;-1;1;;;-1
Vitocom200_LAN_GP;351;8972;24;-1;@@viessmann.eventtype.name.IO_VC_DE1_Evaluate;IO_VC_DE1_Evaluate;NoConversion;@@viessmann.eventtype.IO_VC_DE1_Evaluate.description;50;-1;-1;3;;0;-1
Vitocom200_LAN_GP;351;8973;24;-1;@@viessmann.eventtype.name.IO_VC_DE1_ValueType;IO_VC_DE1_ValueType;NoConversion;@@viessmann.eventtype.IO_VC_DE1_ValueType.description;50;-1;-1;3;;2;-1
Vitocom200_LAN_GP;351;8974;24;-1;@@viessmann.eventtype.name.IO_VC_DE2_Evaluate;IO_VC_DE2_Evaluate;NoConversion;@@viessmann.eventtype.IO_VC_DE2_Evaluate.description;50;-1;-1;3;;0;-1
Vitocom200_LAN_GP;351;8975;24;-1;@@viessmann.eventtype.name.IO_VC_DE2_ValueType;IO_VC_DE2_ValueType;NoConversion;@@viessmann.eventtype.IO_VC_DE2_ValueType.description;50;-1;-1;3;;2;-1
Vitocom200_LAN_GP;351;8976;24;-1;@@viessmann.eventtype.name.IO_VC_DA1_OutputType;IO_VC_DA1_OutputType;NoConversion;@@viessmann.eventtype.IO_VC_DA1_OutputType.description;50;-1;-1;3;;1;-1
Vitocom200_LAN_GP;351;9103;24;-1;@@viessmann.eventtype.name.EM1_ModuleExists;EM1_ModuleExists;NoConversion;@@viessmann.eventtype.EM1_ModuleExists.description;50;-1;-1;3;;;-1
Vitocom200_LAN_GP;351;9104;24;-1;@@viessmann.eventtype.name.EM2_ModuleExists;EM2_ModuleExists;NoConversion;@@viessmann.eventtype.EM2_ModuleExists.description;50;-1;-1;3;;;-1
Vitocom200_LAN_GP;351;9105;24;-1;@@viessmann.eventtype.name.EM3_ModuleExists;EM3_ModuleExists;NoConversion;@@viessmann.eventtype.EM3_ModuleExists.description;50;-1;-1;3;;;-1
Vitocom200_LAN_GP;351;9106;24;-1;@@viessmann.eventtype.name.EM1_ModuleAvailable;EM1_ModuleAvailable;NoConversion;@@viessmann.eventtype.EM1_ModuleAvailable.description;50;-1;-1;1;;;-1
Vitocom200_LAN_GP;351;9107;24;-1;@@viessmann.eventtype.name.EM2_ModuleAvailable;EM2_ModuleAvailable;NoConversion;@@viessmann.eventtype.EM2_ModuleAvailable.description;50;-1;-1;1;;;-1
Vitocom200_LAN_GP;351;9108;24;-1;@@viessmann.eventtype.name.EM3_ModuleAvailable;EM3_ModuleAvailable;NoConversion;@@viessmann.eventtype.EM3_ModuleAvailable.description;50;-1;-1;1;;;-1
Vitocom200_LAN_GP;351;9109;24;-1;@@viessmann.eventtype.name.IO_GM_DE1_Value;IO_GM_DE1_Value;NoConversion;@@viessmann.eventtype.IO_GM_DE1_Value.description;50;-1;-1;3;~/Service/VComIODEDisplayDefinitionConfiguration.aspx;;-1
Vitocom200_LAN_GP;351;9110;24;-1;@@viessmann.eventtype.name.IO_GM_DE2_Value;IO_GM_DE2_Value;NoConversion;@@viessmann.eventtype.IO_GM_DE2_Value.description;50;-1;-1;3;~/Service/VComIODEDisplayDefinitionConfiguration.aspx;;-1
Vitocom200_LAN_GP;351;9174;24;0;@@viessmann.eventtype.name.JsonGeneral_ChannelTimeout;JsonGeneral_ChannelTimeout;NoConversion;@@viessmann.eventtype.JsonGeneral_ChannelTimeout.description;100;-1;-1;3;;;-1
Vitocom200_LAN_GP;351;9175;24;0;@@viessmann.eventtype.name.JsonGeneral_TransferTimeout;JsonGeneral_TransferTimeout;NoConversion;@@viessmann.eventtype.JsonGeneral_TransferTimeout.description;100;-1;-1;3;;;-1
Vitocom200_LAN_GP;351;9176;24;-1;@@viessmann.eventtype.name.JsonGeneral_PowerReturn;JsonGeneral_PowerReturn;NoConversion;@@viessmann.eventtype.JsonGeneral_PowerReturn.description;50;-1;-1;3;;;-1
Vitocom200_LAN_GP;351;9177;24;-1;@@viessmann.eventtype.name.JsonGeneral_Timezone;JsonGeneral_Timezone;NoConversion;@@viessmann.eventtype.JsonGeneral_Timezone.description;50;-1;-1;1;;;-1
Vitocom200_LAN_GP;351;9178;24;-1;@@viessmann.eventtype.name.JsonGeneral_Country;JsonGeneral_Country;NoConversion;@@viessmann.eventtype.JsonGeneral_Country.description;50;-1;-1;1;;;-1
Vitocom200_LAN_GP;351;9179;24;0;@@viessmann.eventtype.name.JsonGeneral_Hostname;JsonGeneral_Hostname;NoConversion;@@viessmann.eventtype.JsonGeneral_Hostname.description;100;-1;-1;3;;;-1
Vitocom200_LAN_GP;351;9180;24;-1;@@viessmann.eventtype.name.JsonGeneral_BootProtocol;JsonGeneral_BootProtocol;NoConversion;@@viessmann.eventtype.JsonGeneral_BootProtocol.description;50;-1;-1;3;;;-1
Vitocom200_LAN_GP;351;9181;24;0;@@viessmann.eventtype.name.JsonGeneral_StaticIpAddr;JsonGeneral_StaticIpAddr;NoConversion;@@viessmann.eventtype.JsonGeneral_StaticIpAddr.description;100;-1;-1;3;;;-1
Vitocom200_LAN_GP;351;9182;24;0;@@viessmann.eventtype.name.JsonGeneral_StaticIpMask;JsonGeneral_StaticIpMask;NoConversion;@@viessmann.eventtype.JsonGeneral_StaticIpMask.description;100;-1;-1;3;;;-1
Vitocom200_LAN_GP;351;9183;24;0;@@viessmann.eventtype.name.JsonGeneral_StaticGateway;JsonGeneral_StaticGateway;NoConversion;@@viessmann.eventtype.JsonGeneral_StaticGateway.description;100;-1;-1;3;;;-1
Vitocom200_LAN_GP;351;9184;24;0;@@viessmann.eventtype.name.JsonGeneral_StaticDnsSrv1;JsonGeneral_StaticDnsSrv1;NoConversion;@@viessmann.eventtype.JsonGeneral_StaticDnsSrv1.description;100;-1;-1;3;;;-1
Vitocom200_LAN_GP;351;9185;24;0;@@viessmann.eventtype.name.JsonGeneral_StaticDnsSrv2;JsonGeneral_StaticDnsSrv2;NoConversion;@@viessmann.eventtype.JsonGeneral_StaticDnsSrv2.description;100;-1;-1;3;;;-1
Vitocom200_LAN_GP;351;9186;24;0;@@viessmann.eventtype.name.JsonGeneral_ProxyServer;JsonGeneral_ProxyServer;NoConversion;@@viessmann.eventtype.JsonGeneral_ProxyServer.description;100;-1;-1;3;;;-1
Vitocom200_LAN_GP;351;9187;24;-1;@@viessmann.eventtype.name.JsonGeneral_UseProxy;JsonGeneral_UseProxy;NoConversion;@@viessmann.eventtype.JsonGeneral_UseProxy.description;50;-1;-1;3;;;-1
Vitocom200_LAN_GP;351;9210;24;-1;@@viessmann.eventtype.name.RPCSetDigitalOutput_IO_VC_DA1;RPCSetDigitalOutput_IO_VC_DA1~0xA08C;NoConversion;@@viessmann.eventtype.RPCSetDigitalOutput_IO_VC_DA1.description;50;-1;-1;3;~/Service/VComIODADisplayDefinitionConfiguration.aspx;;-1