<?xml version="1.0" standalone="yes"?>
<vito>
  <datapoints>
    <datapoint name="Anlagenzeit" ID="aktuelle Uhrzeit">
      <addr>088E</addr>
      <len>8</len>
      <precision>1</precision>
      <unit />
      <description>AnlagenUhrzeit</description>
      <enable>1</enable>
      <speichern>1</speichern>
    </datapoint>
    <datapoint name="AussenTmp" ID="AD Wandler AT-S">
      <addr>0800</addr>
      <len>2</len>
      <precision>0.1</precision>
      <unit>Grad</unit>
      <description>Temperatur Sensor 1</description>
      <enable>1</enable>
      <speichern>1</speichern>
    </datapoint>
    <datapoint name="KesselTmp" ID="AD Wandler KT-S">
      <addr>0802</addr>
      <len>2</len>
      <precision>0.1</precision>
      <unit>Grad</unit>
      <description>Temperatur Sensor 3</description>
      <enable>1</enable>
      <speichern>1</speichern>
    </datapoint>
    <datapoint name="SpeicherTmp" ID="AD Wandler ST-S">
      <addr>0804</addr>
      <len>2</len>
      <precision>0.1</precision>
      <unit>Grad</unit>
      <description>Temperatur Sensor 5</description>
      <enable>1</enable>
      <speichern>1</speichern>
    </datapoint>
    <datapoint name="AbgasTmp" ID="AD Wandler AGT-S">
      <addr>0808</addr>
      <len>2</len>
      <precision>0.1</precision>
      <unit>Grad</unit>
      <description>Temperatur Sensor 15 </description>
      <enable>1</enable>
      <speichern>1</speichern>
    </datapoint>
    <datapoint name="RücklaufTmp" ID="AD Wandler RLT-S">
      <addr>080A</addr>
      <len>2</len>
      <precision>0.1</precision>
      <unit>Grad</unit>
      <description>Temperatur Sensor 17b</description>
      <enable>0</enable>
      <speichern>0</speichern>
    </datapoint>
    <datapoint name="KesselTmp g." ID="gedaempfter Wert KT-S">
      <addr>0810</addr>
      <len>2</len>
      <precision>0.1</precision>
      <unit>Grad</unit>
      <description>Kesseltemperatur</description>
      <enable>0</enable>
      <speichern>0</speichern>
    </datapoint>
    <datapoint name="SpeicherTmp g." ID="gedaempfter Wert ST-S1">
      <addr>0812</addr>
      <len>2</len>
      <precision>0.1</precision>
      <unit>Grad</unit>
      <description>Speichertemperatur gedaemft</description>
      <enable>0</enable>
      <speichern>0</speichern>
    </datapoint>
    <datapoint name="Speicher2Tmp g." ID="gedaempfter Wert ST-S2">
      <addr>0814</addr>
      <len>2</len>
      <precision>0.1</precision>
      <unit>Grad</unit>
      <description>Speichertemperatur2 gedaemft</description>
      <enable>0</enable>
      <speichern>0</speichern>
    </datapoint>
    <datapoint name="AbgasTmp g." ID="gedaempfter Wert AGT-S">
      <addr>0816</addr>
      <len>2</len>
      <precision>0.1</precision>
      <unit>Grad</unit>
      <description>Abgastemperatur</description>
      <enable>0</enable>
      <speichern>0</speichern>
    </datapoint>
    <datapoint name="AussenTmp SensorStatus" ID="Fehler AT-S">
      <addr>083A</addr>
      <len>1</len>
      <precision>1</precision>
      <unit />
      <description>Status Sensor 1</description>
      <enable>1</enable>
      <speichern>0</speichern>
    </datapoint>
    <datapoint name="KesselTmp SensorStatus" ID="Fehler KT-S">
      <addr>083B</addr>
      <len>1</len>
      <precision>1</precision>
      <unit />
      <description>Status Sensor 3</description>
      <enable>1</enable>
      <speichern>0</speichern>
    </datapoint>
    <datapoint name="SpeicherTmp SensorStatus" ID="Fehler ST-S">
      <addr>083C</addr>
      <len>1</len>
      <precision>1</precision>
      <unit />
      <description>Status Sensor 5</description>
      <enable>1</enable>
      <speichern>0</speichern>
    </datapoint>
    <datapoint name="AbgasTmp SensorStatus" ID="Fehler AGT-S">
      <addr>083E</addr>
      <len>1</len>
      <precision>1</precision>
      <unit />
      <description>Status Sensor 15</description>
      <enable>1</enable>
      <speichern>0</speichern>
    </datapoint>
    <datapoint name="Brenner E/A" ID="Brenner 1. Stufe">
      <addr>0842</addr>
      <len>1</len>
      <precision>1</precision>
      <unit />
      <description>Brenner 1. Stufe</description>
      <enable>1</enable>
      <speichern>0</speichern>
    </datapoint>
    <datapoint name="ExtSicherheit - DigEin " ID="DigitalEingang ExtSicherheit">
      <addr>0881</addr>
      <len>1</len>
      <precision>1</precision>
      <unit />
      <description>Eingang externe Sicherheitskette</description>
      <enable>0</enable>
      <speichern>0</speichern>
    </datapoint>
    <datapoint name="STB - DigEin" ID="DigitalEingang STB">
      <addr>0882</addr>
      <len>1</len>
      <precision>1</precision>
      <unit />
      <description>Eingang STB-Stoerung</description>
      <enable>0</enable>
      <speichern>0</speichern>
    </datapoint>
    <datapoint name="Brennerstoerung" ID="Brennerstörung">
      <addr>0884</addr>
      <len>1</len>
      <precision>1</precision>
      <unit />
      <description>Brennerstörung</description>
      <enable>1</enable>
      <speichern>1</speichern>
    </datapoint>
    <datapoint name="Brennerstarts" ID="Brennerstarts">
      <addr>088A</addr>
      <len>4</len>
      <precision>1</precision>
      <unit />
      <description>Brennerstarts</description>
      <enable>1</enable>
      <speichern>1</speichern>
    </datapoint>
    <datapoint name="RaumTmp HK1" ID="RTS HK1">
      <addr>0896</addr>
      <len>0</len>
      <precision>0.1</precision>
      <unit>Grad</unit>
      <description>RTS HK1</description>
      <enable>0</enable>
      <speichern>0</speichern>
    </datapoint>
    <datapoint name="Betriebsstunden Brenner1Bedienung" ID="BetriebsstundenBrenner1Bedienung">
      <addr>08A7</addr>
      <len>4</len>
      <precision>3600</precision>
      <unit />
      <description>Brenner-Betriebsstunden 1. Stufe</description>
      <enable>1</enable>
      <speichern>1</speichern>
    </datapoint>
    <datapoint name="Stellung Umschaltventil" ID="Stellung Umschaltventil">
      <addr>0A10</addr>
      <len>1</len>
      <precision>1</precision>
      <unit />
      <description>Stellung Umschaltventil</description>
      <enable>1</enable>
      <speichern>1</speichern>
    </datapoint>
    <datapoint name="Pumpenleistung" ID="Pumpenleistung">
      <addr>0A3C</addr>
      <len>1</len>
      <precision>1</precision>
      <unit>%</unit>
      <description>Pumpenleistung</description>
      <enable>1</enable>
      <speichern>1</speichern>
    </datapoint>
    <datapoint name="Sammelstoerung DigEin" ID="DigitalEingang SammelStoerung">
      <addr>0A82</addr>
      <len>1</len>
      <precision>1</precision>
      <unit />
      <description>Eingang Sammelstoerung</description>
      <enable>1</enable>
      <speichern>1</speichern>
    </datapoint>
    <datapoint name="Rücklauftemp" ID="Rücklauftemp">
      <addr>0C20</addr>
      <len>2</len>
      <precision>0.01</precision>
      <unit>Grad</unit>
      <description>Rücklauftemp</description>
      <enable>1</enable>
      <speichern>1</speichern>
    </datapoint>
    <datapoint name="Volumenstrom" ID="Volumenstrom">
      <addr>0C24</addr>
      <len>2</len>
      <precision>0.1</precision>
      <unit>l/h</unit>
      <description>Volumenstrom</description>
      <enable>1</enable>
      <speichern>1</speichern>
    </datapoint>
    <datapoint name="BedienSparbetrieb" ID="BedienSparbetriebM2">
      <addr>2302</addr>
      <len>1</len>
      <precision>1</precision>
      <unit />
      <description>Sparbetrieb</description>
      <enable>1</enable>
      <speichern>0</speichern>
    </datapoint>
    <datapoint name="BedienPartybetrieb" ID="BedienPartybetriebM2">
      <addr>2303</addr>
      <len>1</len>
      <precision>1</precision>
      <unit />
      <description>Partybetrieb</description>
      <enable>1</enable>
      <speichern>0</speichern>
    </datapoint>
    <datapoint name="RaumSollTemperatur" ID="BedienRTSolltemperaturM2">
      <addr>2306</addr>
      <len>1</len>
      <precision>1</precision>
      <unit>Grad</unit>
      <description>Raumsolltemperatur Normalbetrieb</description>
      <enable>0</enable>
      <speichern>0</speichern>
    </datapoint>
    <datapoint name="RaumSollTemperaturReduziert" ID="BedienRTSolltemperaturReduziertM2">
      <addr>2307</addr>
      <len>1</len>
      <precision>1</precision>
      <unit>Grad</unit>
      <description>Raumsolltemperatur Reduzierter Betrieb</description>
      <enable>0</enable>
      <speichern>0</speichern>
    </datapoint>
    <datapoint name="BedienRTSoll Party" ID="BedienRTSoll PartyM2">
      <addr>2308</addr>
      <len>1</len>
      <precision>1</precision>
      <unit>Grad</unit>
      <description>Raumsolltemperatur Partybetrieb</description>
      <enable>0</enable>
      <speichern>0</speichern>
    </datapoint>
    <datapoint name="HK-Pumpenstatus" ID="HK-Pumpenstatus">
      <addr>230A</addr>
      <len>1</len>
      <precision>1</precision>
      <unit />
      <description>HK-Pumpenstatus</description>
      <enable>0</enable>
      <speichern>0</speichern>
    </datapoint>
    <datapoint name="BedienBetriebsart HK1" ID="BedienBetriebsartM2">
      <addr>2323</addr>
      <len>1</len>
      <precision>1</precision>
      <unit />
      <description>Betriebsart</description>
      <enable>0</enable>
      <speichern>0</speichern>
    </datapoint>
    <datapoint name="Frostgefahr, aktuelle RTS, ua für HK1" ID="Frostgefahr">
      <addr>2500</addr>
      <len>22</len>
      <precision>1</precision>
      <unit />
      <description>Frostgefahr</description>
      <enable>1</enable>
      <speichern>0</speichern>
    </datapoint>
    <datapoint name="HK-Pumpenschaltpunkt Frostschutz in Grad" ID="HK-Pumpenschaltpunkt Frostschutz in Grad">
      <addr>27A3</addr>
      <len>1</len>
      <precision>1</precision>
      <unit />
      <description>HK-Pumpenschaltpunkt Frostschutz in Grad</description>
      <enable>0</enable>
      <speichern>0</speichern>
    </datapoint>
    <datapoint name="Frostschutz" ID="Frostschutz">
      <addr>27A4</addr>
      <len>1</len>
      <precision>1</precision>
      <unit />
      <description>Frostschutz</description>
      <enable>0</enable>
      <speichern>0</speichern>
    </datapoint>
    <datapoint name="HK-Pumpensparschaltung" ID="HK-Pumpensparschaltung">
      <addr>27A5</addr>
      <len>1</len>
      <precision>1</precision>
      <unit />
      <description>HK-Pumpensparschaltung</description>
      <enable>0</enable>
      <speichern>0</speichern>
    </datapoint>
    <datapoint name="Erweiterte Sparschaltung, Brenner und HK-Pumpe" ID="Erweiterte Sparschaltung, Brenner und HK-Pumpe">
      <addr>27A6</addr>
      <len>1</len>
      <precision>1</precision>
      <unit />
      <description>Erweiterte Sparschaltung, Brenner und HK-Pumpe</description>
      <enable>0</enable>
      <speichern>0</speichern>
    </datapoint>
    <datapoint name="Pumpenstillstand bei Betriebsartwechsel" ID="Pumpenstillstand bei Betriebsartwechsel">
      <addr>27A9</addr>
      <len>1</len>
      <precision>1</precision>
      <unit />
      <description>Pumpenstillstand bei Betriebsartwechsel</description>
      <enable>0</enable>
      <speichern>0</speichern>
    </datapoint>
    <datapoint name="Fernbedienung Heizbetrieb" ID="FernbedienungHeizbetrieb">
      <addr>27B0</addr>
      <len>1</len>
      <precision>1</precision>
      <unit />
      <description>Fernbedienung Heizbetrieb</description>
      <enable>0</enable>
      <speichern>0</speichern>
    </datapoint>
    <datapoint name="BedienNeigung" ID="BedienNeigungM2">
      <addr>27d3</addr>
      <len>1</len>
      <precision>0.1</precision>
      <unit />
      <description>Neigung der Heizkennlinie</description>
      <enable>0</enable>
      <speichern>0</speichern>
    </datapoint>
    <datapoint name="BedienNiveau" ID="BedienNiveauM2">
      <addr>27d4</addr>
      <len>1</len>
      <precision>1</precision>
      <unit />
      <description>Niveau der Heizkennlinie</description>
      <enable>0</enable>
      <speichern>0</speichern>
    </datapoint>
    <datapoint name="Max. HK-Pumpenleistung" ID="Max. HK-Pumpenleistung">
      <addr>27E6</addr>
      <len>1</len>
      <precision>1</precision>
      <unit>%</unit>
      <description>Max. HK-Pumpenleistung</description>
      <enable>0</enable>
      <speichern>0</speichern>
    </datapoint>
    <datapoint name="Min. HK-Pumpenleistung" ID="Min. HK-Pumpenleistung">
      <addr>27E7</addr>
      <len>1</len>
      <precision>1</precision>
      <unit>%</unit>
      <description>Min. HK-Pumpenleistung</description>
      <enable>0</enable>
      <speichern>0</speichern>
    </datapoint>
    <datapoint name="Min. HK Pumpenleistung bei red. Betrieb nach E9" ID="Min. HK Pumpenleistung bei red. Betrieb nach E9">
      <addr>27E8</addr>
      <len>1</len>
      <precision>1</precision>
      <unit />
      <description>Min. HK Pumpenleistung bei red. Betrieb nach E9</description>
      <enable>0</enable>
      <speichern>0</speichern>
    </datapoint>
    <datapoint name="Min. HK Pumpenleistung bei red. Betrieb" ID="Min. HK Pumpenleistung bei red. Betrieb">
      <addr>27E9</addr>
      <len>1</len>
      <precision>1</precision>
      <unit>%</unit>
      <description>Min. HK Pumpenleistung bei red. Betrieb</description>
      <enable>0</enable>
      <speichern>0</speichern>
    </datapoint>
    <datapoint name="Erhöhung KT Soll bei Übergang red. zu Normalbetrieb" ID="Erhöhung KT Soll bei Übergang red. zu Normalbetrieb">
      <addr>27FA</addr>
      <len>1</len>
      <precision>1</precision>
      <unit />
      <description>Erhöhung KT Soll bei Übergang red. zu Normalbetrieb</description>
      <enable>0</enable>
      <speichern>0</speichern>
    </datapoint>
    <datapoint name="Zeitdauer Erhöhung KT Soll in Min." ID="Zeitdauer Erhöhung KT Soll in Min.">
      <addr>27FB</addr>
      <len>1</len>
      <precision>1</precision>
      <unit />
      <description>Zeitdauer Erhöhung KT Soll in Min.</description>
      <enable>0</enable>
      <speichern>0</speichern>
    </datapoint>
    <datapoint name="HK M2 aktuelle Betriebsart" ID="HK AktuelleBetriebsartM2">
      <addr>3500</addr>
      <len>1</len>
      <blocklen>1</blocklen>
      <offset>0</offset>
      <precision>1</precision>
      <unit />
      <description>Aktuelle Betriebsart</description>
      <enable>0</enable>
      <speichern>0</speichern>
    </datapoint>
    <datapoint name="AT gedämpft" ID="AT gedämpft">
      <addr>5523</addr>
      <len>2</len>
      <precision>0.1</precision>
      <unit>Grad</unit>
      <description>Aussentemperatur gedämpft</description>
      <enable>1</enable>
      <speichern>1</speichern>
    </datapoint>
    <datapoint name="AT geglättet" ID="AT geglättet">
      <addr>5525</addr>
      <len>2</len>
      <precision>0.1</precision>
      <unit>Grad</unit>
      <description>Aussentemperatur geglättet</description>
      <enable>1</enable>
      <speichern>1</speichern>
    </datapoint>
    <datapoint name="AT gemischt" ID="Gemischte AT">
      <addr>5527</addr>
      <len>2</len>
      <precision>0.1</precision>
      <unit>Grad</unit>
      <description>Aussentemperatur gedaempft</description>
      <enable>1</enable>
      <speichern>1</speichern>
    </datapoint>
    <datapoint name="KesselTmp Soll" ID="Soll-Kesseltemperatur">
      <addr>555A</addr>
      <len>2</len>
      <precision>0.1</precision>
      <unit>Grad</unit>
      <description>Soll-Kesseltemperatur</description>
      <enable>1</enable>
      <speichern>1</speichern>
    </datapoint>
    <datapoint name="Brennermodulation" ID="Brennerflamme">
      <addr>55D3</addr>
      <len>1</len>
      <precision>1</precision>
      <unit />
      <description>Brennerflamme</description>
      <enable>1</enable>
      <speichern>1</speichern>
    </datapoint>
    <datapoint name="Sollleistung der Heizkreispumpe in Prozent" ID="Sollleistung der Heizkreispumpe in Prozent">
      <addr>5731</addr>
      <len>1</len>
      <precision>1</precision>
      <unit>%</unit>
      <description>Sollleistung der Heizkreispumpe in Prozent</description>
      <enable>0</enable>
      <speichern>0</speichern>
    </datapoint>
    <datapoint name="Fehlerstatus Brennersteuergerät" ID="Fehlerstatus Brennersteuergerät">
      <addr>5738</addr>
      <len>1</len>
      <precision>1</precision>
      <unit />
      <description>Fehlerstatus Brennersteuergerät</description>
      <enable>1</enable>
      <speichern>1</speichern>
    </datapoint>
    <datapoint name="Warmwasser Soll Temperatur" ID="WW soll">
      <addr>6300</addr>
      <len>1</len>
      <precision>1</precision>
      <unit>Grad</unit>
      <description>Solltemperatur Warmwasser</description>
      <enable>0</enable>
      <speichern>0</speichern>
    </datapoint>
    <datapoint name="ST Soll akt" ID="Soll-Speichertemperatur">
      <addr>6500</addr>
      <len>2</len>
      <precision>0.1</precision>
      <unit>Grad</unit>
      <description>Soll-Speichertemperatur</description>
      <enable>1</enable>
      <speichern>1</speichern>
    </datapoint>
    <datapoint name="WWp.  E/A" ID="DigitalAusgang Speicherladepumpe">
      <addr>6513</addr>
      <len>1</len>
      <precision>1</precision>
      <unit />
      <description>Speicherladepumpe</description>
      <enable>1</enable>
      <speichern>1</speichern>
    </datapoint>
    <datapoint name="ZirkuP.  E/A" ID="DigitalAusgang Zirkulationspumpe">
      <addr>6515</addr>
      <len>1</len>
      <precision>1</precision>
      <unit />
      <description>Zirkulationspumpe</description>
      <enable>1</enable>
      <speichern>1</speichern>
    </datapoint>
    <datapoint name="Warmwasserbereitungs-Einschaltpunkt" ID="Warmwasserbereitungs-Einschaltpunkt">
      <addr>6759</addr>
      <len>1</len>
      <precision>1</precision>
      <unit />
      <description>Warmwasserbereitungs-Einschaltpunkt</description>
      <enable>0</enable>
      <speichern>0</speichern>
    </datapoint>
    <datapoint name="Max. Delta KT zu WW-T Soll" ID="Max. Delta KT zu WW-T Soll">
      <addr>6760</addr>
      <len>1</len>
      <precision>1</precision>
      <unit />
      <description>Max. Delta KT zu WW-T Soll</description>
      <enable>0</enable>
      <speichern>0</speichern>
    </datapoint>
    <datapoint name="Pumpennachlaufzeit nach WW-Bereitung" ID="Pumpennachlaufzeit nach WW-Bereitung">
      <addr>6762</addr>
      <len>1</len>
      <precision>1</precision>
      <unit />
      <description>Pumpennachlaufzeit nach WW-Bereitung</description>
      <enable>0</enable>
      <speichern>0</speichern>
    </datapoint>
    <datapoint name="Soll Pumpenleistung bei WW-Bereitung" ID="Soll Pumpenleistung bei WW-Bereitung">
      <addr>676C</addr>
      <len>1</len>
      <precision>1</precision>
      <unit>%</unit>
      <description>Soll Pumpenleistung bei WW-Bereitung</description>
      <enable>0</enable>
      <speichern>0</speichern>
    </datapoint>
    <datapoint name="Max. Brennerleistung bei WW-Bereitung" ID="Max. Brennerleistung bei WW">
      <addr>676F</addr>
      <len>1</len>
      <precision>1</precision>
      <unit>%</unit>
      <description>WW max. Brennerleistung</description>
      <enable>0</enable>
      <speichern>0</speichern>
    </datapoint>
    <datapoint name="Zirkulationspumpe Frequenz pro Stunde" ID="Zirkulationspumpe Frequenz pro Stunde">
      <addr>6773</addr>
      <len>1</len>
      <precision>1</precision>
      <unit />
      <description>Zirkulationspumpe Frequenz pro Stunde</description>
      <enable>0</enable>
      <speichern>0</speichern>
    </datapoint>
    <datapoint name="HK-Pumpe" ID="Heizkreispumpe">
      <addr>7660</addr>
      <len>1</len>
      <precision>1</precision>
      <unit />
      <description>Heizkreispumpe</description>
      <enable>0</enable>
      <speichern>0</speichern>
    </datapoint>
    <datapoint name="Förderhöhe mbar" ID="?">
      <addr>7688</addr>
      <len>2</len>
      <precision>1</precision>
      <unit>mbar</unit>
      <description>?</description>
      <enable>0</enable>
      <speichern>0</speichern>
    </datapoint>
    <datapoint name="Laufzeit Zirkulationspumpe im Kurzzeitbetrieb in Min." ID="Laufzeit Zirkulationspumpe im Kurzzeitbetrieb in Min.">
      <addr>773D</addr>
      <len>1</len>
      <blocklen>1</blocklen>
      <offset>0</offset>
      <precision>1</precision>
      <unit />
      <description>Laufzeit Zirkulationspumpe im Kurzzeitbetrieb in Min.</description>
      <enable>0</enable>
      <speichern>0</speichern>
    </datapoint>
    <datapoint name="Dämpfung der AT Zeitkonstante  in 10 Min." ID="Dämpfung der AT Zeitkonstante  in 10 Min.">
      <addr>7790</addr>
      <len>1</len>
      <precision>1</precision>
      <unit />
      <description>Dämpfung der AT Zeitkonstante  in 10 Min.</description>
      <enable>0</enable>
      <speichern>0</speichern>
    </datapoint>
    <datapoint name="Maximale Heizleistung" ID="Max. Heizleistung">
      <addr>8832</addr>
      <len>1</len>
      <precision>1</precision>
      <unit>%</unit>
      <description>Maximale Heizleistung</description>
      <enable>0</enable>
      <speichern>0</speichern>
    </datapoint>
    <datapoint name="Status" ID="Status">
      <addr>A152</addr>
      <len>2</len>
      <precision>1</precision>
      <unit />
      <description>Status</description>
      <enable>1</enable>
      <speichern>1</speichern>
    </datapoint>
    <datapoint name="Brennerleistung" ID=" Brennerleistung">
      <addr>A38F</addr>
      <len>1</len>
      <precision>0.5</precision>
      <unit>%</unit>
      <description>Brennerleistung</description>
      <enable>1</enable>
      <speichern>1</speichern>
    </datapoint>
    <datapoint name="Schaltzeiten Heizung Montag 00" ID="Schaltzeiten Heizung Montag 00">
      <addr>2000</addr>
      <len>8</len>
      <blocklen>8</blocklen>
      <offset>0</offset>
      <precision>1</precision>
      <unit />
      <description>Schaltzeiten Heizung Montag 00</description>
      <enable>0</enable>
      <speichern>0</speichern>
    </datapoint>
    <datapoint name="Schaltzeiten Heizung Montag 01" ID="Schaltzeiten Heizung Montag 01">
      <addr>2000</addr>
      <len>0</len>
      <blocklen>8</blocklen>
      <offset>1</offset>
      <precision>1</precision>
      <unit />
      <description>Schaltzeiten Heizung Montag 01</description>
      <enable>0</enable>
      <speichern>0</speichern>
    </datapoint>
    <datapoint name="Schaltzeiten Heizung Montag 02" ID="Schaltzeiten Heizung Montag 02">
      <addr>2000</addr>
      <len>0</len>
      <blocklen>8</blocklen>
      <offset>2</offset>
      <precision>1</precision>
      <unit />
      <description>Schaltzeiten Heizung Montag 02</description>
      <enable>0</enable>
      <speichern>0</speichern>
    </datapoint>
    <datapoint name="Schaltzeiten Heizung Montag 03" ID="Schaltzeiten Heizung Montag 03">
      <addr>2000</addr>
      <len>0</len>
      <blocklen>8</blocklen>
      <offset>3</offset>
      <precision>1</precision>
      <unit />
      <description>Schaltzeiten Heizung Montag 03</description>
      <enable>0</enable>
      <speichern>0</speichern>
    </datapoint>
    <datapoint name="Schaltzeiten Heizung Montag 04" ID="Schaltzeiten Heizung Montag 04">
      <addr>2000</addr>
      <len>0</len>
      <blocklen>8</blocklen>
      <offset>4</offset>
      <precision>1</precision>
      <unit />
      <description>Schaltzeiten Heizung Montag 04</description>
      <enable>0</enable>
      <speichern>0</speichern>
    </datapoint>
    <datapoint name="Schaltzeiten Heizung Montag 05" ID="Schaltzeiten Heizung Montag 05">
      <addr>2000</addr>
      <len>0</len>
      <blocklen>8</blocklen>
      <offset>5</offset>
      <precision>1</precision>
      <unit />
      <description>Schaltzeiten Heizung Montag 05</description>
      <enable>0</enable>
      <speichern>0</speichern>
    </datapoint>
    <datapoint name="Schaltzeiten Heizung Montag 06" ID="Schaltzeiten Heizung Montag 06">
      <addr>2000</addr>
      <len>0</len>
      <blocklen>8</blocklen>
      <offset>6</offset>
      <precision>1</precision>
      <unit />
      <description>Schaltzeiten Heizung Montag 06</description>
      <enable>0</enable>
      <speichern>0</speichern>
    </datapoint>
    <datapoint name="Schaltzeiten Heizung Montag 07" ID="Schaltzeiten Heizung Montag 07">
      <addr>2000</addr>
      <len>0</len>
      <blocklen>8</blocklen>
      <offset>7</offset>
      <precision>1</precision>
      <unit />
      <description>Schaltzeiten Heizung Montag 07</description>
      <enable>0</enable>
      <speichern>0</speichern>
    </datapoint>
    <datapoint name="Schaltzeiten Heizung Dienstag 00" ID="Schaltzeiten Heizung Dienstag 00">
      <addr>2008</addr>
      <len>8</len>
      <blocklen>8</blocklen>
      <offset>0</offset>
      <precision>1</precision>
      <unit />
      <description>Schaltzeiten Heizung Dienstag 00</description>
      <enable>0</enable>
      <speichern>0</speichern>
    </datapoint>
    <datapoint name="Schaltzeiten Heizung Dienstag 01" ID="Schaltzeiten Heizung Dienstag 01">
      <addr>2008</addr>
      <len>0</len>
      <blocklen>8</blocklen>
      <offset>1</offset>
      <precision>1</precision>
      <unit />
      <description>Schaltzeiten Heizung Dienstag 01</description>
      <enable>0</enable>
      <speichern>0</speichern>
    </datapoint>
    <datapoint name="Schaltzeiten Heizung Dienstag 02" ID="Schaltzeiten Heizung Dienstag 02">
      <addr>2008</addr>
      <len>0</len>
      <blocklen>8</blocklen>
      <offset>2</offset>
      <precision>1</precision>
      <unit />
      <description>Schaltzeiten Heizung Dienstag 02</description>
      <enable>0</enable>
      <speichern>0</speichern>
    </datapoint>
    <datapoint name="Schaltzeiten Heizung Dienstag 03" ID="Schaltzeiten Heizung Dienstag 03">
      <addr>2008</addr>
      <len>0</len>
      <blocklen>8</blocklen>
      <offset>3</offset>
      <precision>1</precision>
      <unit />
      <description>Schaltzeiten Heizung Dienstag 03</description>
      <enable>0</enable>
      <speichern>0</speichern>
    </datapoint>
    <datapoint name="Schaltzeiten Heizung Dienstag 04" ID="Schaltzeiten Heizung Dienstag 04">
      <addr>2008</addr>
      <len>0</len>
      <blocklen>8</blocklen>
      <offset>4</offset>
      <precision>1</precision>
      <unit />
      <description>Schaltzeiten Heizung Dienstag 04</description>
      <enable>0</enable>
      <speichern>0</speichern>
    </datapoint>
    <datapoint name="Schaltzeiten Heizung Dienstag 05" ID="Schaltzeiten Heizung Dienstag 05">
      <addr>2008</addr>
      <len>0</len>
      <blocklen>8</blocklen>
      <offset>5</offset>
      <precision>1</precision>
      <unit />
      <description>Schaltzeiten Heizung Dienstag 05</description>
      <enable>0</enable>
      <speichern>0</speichern>
    </datapoint>
    <datapoint name="Schaltzeiten Heizung Dienstag 06" ID="Schaltzeiten Heizung Dienstag 06">
      <addr>2008</addr>
      <len>0</len>
      <blocklen>8</blocklen>
      <offset>6</offset>
      <precision>1</precision>
      <unit />
      <description>Schaltzeiten Heizung Dienstag 06</description>
      <enable>0</enable>
      <speichern>0</speichern>
    </datapoint>
    <datapoint name="Schaltzeiten Heizung Dienstag 07" ID="Schaltzeiten Heizung Dienstag 07">
      <addr>2008</addr>
      <len>0</len>
      <blocklen>8</blocklen>
      <offset>7</offset>
      <precision>1</precision>
      <unit />
      <description>Schaltzeiten Heizung Dienstag 07</description>
      <enable>0</enable>
      <speichern>0</speichern>
    </datapoint>
    <datapoint name="Schaltzeiten Heizung Mittwoch 00" ID="Schaltzeiten Heizung Mittwoch 00">
      <addr>2010</addr>
      <len>8</len>
      <blocklen>8</blocklen>
      <offset>0</offset>
      <precision>1</precision>
      <unit />
      <description>Schaltzeiten Heizung Mittwoch 00</description>
      <enable>0</enable>
      <speichern>0</speichern>
    </datapoint>
    <datapoint name="Schaltzeiten Heizung Mittwoch 01" ID="Schaltzeiten Heizung Mittwoch 01">
      <addr>2010</addr>
      <len>0</len>
      <blocklen>8</blocklen>
      <offset>1</offset>
      <precision>1</precision>
      <unit />
      <description>Schaltzeiten Heizung Mittwoch 01</description>
      <enable>0</enable>
      <speichern>0</speichern>
    </datapoint>
    <datapoint name="Schaltzeiten Heizung Mittwoch 02" ID="Schaltzeiten Heizung Mittwoch 02">
      <addr>2010</addr>
      <len>0</len>
      <blocklen>8</blocklen>
      <offset>2</offset>
      <precision>1</precision>
      <unit />
      <description>Schaltzeiten Heizung Mittwoch 02</description>
      <enable>0</enable>
      <speichern>0</speichern>
    </datapoint>
    <datapoint name="Schaltzeiten Heizung Mittwoch 03" ID="Schaltzeiten Heizung Mittwoch 03">
      <addr>2010</addr>
      <len>0</len>
      <blocklen>8</blocklen>
      <offset>3</offset>
      <precision>1</precision>
      <unit />
      <description>Schaltzeiten Heizung Mittwoch 03</description>
      <enable>0</enable>
      <speichern>0</speichern>
    </datapoint>
    <datapoint name="Schaltzeiten Heizung Mittwoch 04" ID="Schaltzeiten Heizung Mittwoch 04">
      <addr>2010</addr>
      <len>0</len>
      <blocklen>8</blocklen>
      <offset>4</offset>
      <precision>1</precision>
      <unit />
      <description>Schaltzeiten Heizung Mittwoch 04</description>
      <enable>0</enable>
      <speichern>0</speichern>
    </datapoint>
    <datapoint name="Schaltzeiten Heizung Mittwoch 05" ID="Schaltzeiten Heizung Mittwoch 05">
      <addr>2010</addr>
      <len>0</len>
      <blocklen>8</blocklen>
      <offset>5</offset>
      <precision>1</precision>
      <unit />
      <description>Schaltzeiten Heizung Mittwoch 05</description>
      <enable>0</enable>
      <speichern>0</speichern>
    </datapoint>
    <datapoint name="Schaltzeiten Heizung Mittwoch 06" ID="Schaltzeiten Heizung Mittwoch 06">
      <addr>2010</addr>
      <len>0</len>
      <blocklen>8</blocklen>
      <offset>6</offset>
      <precision>1</precision>
      <unit />
      <description>Schaltzeiten Heizung Mittwoch 06</description>
      <enable>0</enable>
      <speichern>0</speichern>
    </datapoint>
    <datapoint name="Schaltzeiten Heizung Mittwoch 07" ID="Schaltzeiten Heizung Mittwoch 07">
      <addr>2010</addr>
      <len>0</len>
      <blocklen>8</blocklen>
      <offset>7</offset>
      <precision>1</precision>
      <unit />
      <description>Schaltzeiten Heizung Mittwoch 07</description>
      <enable>0</enable>
      <speichern>0</speichern>
    </datapoint>
    <datapoint name="Schaltzeiten Heizung Donnerstag 00" ID="Schaltzeiten Heizung Donnerstag 00">
      <addr>2018</addr>
      <len>8</len>
      <blocklen>8</blocklen>
      <offset>0</offset>
      <precision>1</precision>
      <unit />
      <description>Schaltzeiten Heizung Donnerstag 00</description>
      <enable>0</enable>
      <speichern>0</speichern>
    </datapoint>
    <datapoint name="Schaltzeiten Heizung Donnerstag 01" ID="Schaltzeiten Heizung Donnerstag 01">
      <addr>2018</addr>
      <len>0</len>
      <blocklen>8</blocklen>
      <offset>1</offset>
      <precision>1</precision>
      <unit />
      <description>Schaltzeiten Heizung Donnerstag 01</description>
      <enable>0</enable>
      <speichern>0</speichern>
    </datapoint>
    <datapoint name="Schaltzeiten Heizung Donnerstag 02" ID="Schaltzeiten Heizung Donnerstag 02">
      <addr>2018</addr>
      <len>0</len>
      <blocklen>8</blocklen>
      <offset>2</offset>
      <precision>1</precision>
      <unit />
      <description>Schaltzeiten Heizung Donnerstag 02</description>
      <enable>0</enable>
      <speichern>0</speichern>
    </datapoint>
    <datapoint name="Schaltzeiten Heizung Donnerstag 03" ID="Schaltzeiten Heizung Donnerstag 03">
      <addr>2018</addr>
      <len>0</len>
      <blocklen>8</blocklen>
      <offset>3</offset>
      <precision>1</precision>
      <unit />
      <description>Schaltzeiten Heizung Donnerstag 03</description>
      <enable>0</enable>
      <speichern>0</speichern>
    </datapoint>
    <datapoint name="Schaltzeiten Heizung Donnerstag 04" ID="Schaltzeiten Heizung Donnerstag 04">
      <addr>2018</addr>
      <len>0</len>
      <blocklen>8</blocklen>
      <offset>4</offset>
      <precision>1</precision>
      <unit />
      <description>Schaltzeiten Heizung Donnerstag 04</description>
      <enable>0</enable>
      <speichern>0</speichern>
    </datapoint>
    <datapoint name="Schaltzeiten Heizung Donnerstag 05" ID="Schaltzeiten Heizung Donnerstag 05">
      <addr>2018</addr>
      <len>0</len>
      <blocklen>8</blocklen>
      <offset>5</offset>
      <precision>1</precision>
      <unit />
      <description>Schaltzeiten Heizung Donnerstag 05</description>
      <enable>0</enable>
      <speichern>0</speichern>
    </datapoint>
    <datapoint name="Schaltzeiten Heizung Donnerstag 06" ID="Schaltzeiten Heizung Donnerstag 06">
      <addr>2018</addr>
      <len>0</len>
      <blocklen>8</blocklen>
      <offset>6</offset>
      <precision>1</precision>
      <unit />
      <description>Schaltzeiten Heizung Donnerstag 06</description>
      <enable>0</enable>
      <speichern>0</speichern>
    </datapoint>
    <datapoint name="Schaltzeiten Heizung Donnerstag 07" ID="Schaltzeiten Heizung Donnerstag 07">
      <addr>2018</addr>
      <len>0</len>
      <blocklen>8</blocklen>
      <offset>7</offset>
      <precision>1</precision>
      <unit />
      <description>Schaltzeiten Heizung Donnerstag 07</description>
      <enable>0</enable>
      <speichern>0</speichern>
    </datapoint>
    <datapoint name="Schaltzeiten Heizung Freitag 00" ID="Schaltzeiten Heizung Freitag 00">
      <addr>2020</addr>
      <len>8</len>
      <blocklen>8</blocklen>
      <offset>0</offset>
      <precision>1</precision>
      <unit />
      <description>Schaltzeiten Heizung Freitag 00</description>
      <enable>0</enable>
      <speichern>0</speichern>
    </datapoint>
    <datapoint name="Schaltzeiten Heizung Freitag 01" ID="Schaltzeiten Heizung Freitag 01">
      <addr>2020</addr>
      <len>0</len>
      <blocklen>8</blocklen>
      <offset>1</offset>
      <precision>1</precision>
      <unit />
      <description>Schaltzeiten Heizung Freitag 01</description>
      <enable>0</enable>
      <speichern>0</speichern>
    </datapoint>
    <datapoint name="Schaltzeiten Heizung Freitag 02" ID="Schaltzeiten Heizung Freitag 02">
      <addr>2020</addr>
      <len>0</len>
      <blocklen>8</blocklen>
      <offset>2</offset>
      <precision>1</precision>
      <unit />
      <description>Schaltzeiten Heizung Freitag 02</description>
      <enable>0</enable>
      <speichern>0</speichern>
    </datapoint>
    <datapoint name="Schaltzeiten Heizung Freitag 03" ID="Schaltzeiten Heizung Freitag 03">
      <addr>2020</addr>
      <len>0</len>
      <blocklen>8</blocklen>
      <offset>3</offset>
      <precision>1</precision>
      <unit />
      <description>Schaltzeiten Heizung Freitag 03</description>
      <enable>0</enable>
      <speichern>0</speichern>
    </datapoint>
    <datapoint name="Schaltzeiten Heizung Freitag 04" ID="Schaltzeiten Heizung Freitag 04">
      <addr>2020</addr>
      <len>0</len>
      <blocklen>8</blocklen>
      <offset>4</offset>
      <precision>1</precision>
      <unit />
      <description>Schaltzeiten Heizung Freitag 04</description>
      <enable>0</enable>
      <speichern>0</speichern>
    </datapoint>
    <datapoint name="Schaltzeiten Heizung Freitag 05" ID="Schaltzeiten Heizung Freitag 05">
      <addr>2020</addr>
      <len>0</len>
      <blocklen>8</blocklen>
      <offset>5</offset>
      <precision>1</precision>
      <unit />
      <description>Schaltzeiten Heizung Freitag 05</description>
      <enable>0</enable>
      <speichern>0</speichern>
    </datapoint>
    <datapoint name="Schaltzeiten Heizung Freitag 06" ID="Schaltzeiten Heizung Freitag 06">
      <addr>2020</addr>
      <len>0</len>
      <blocklen>8</blocklen>
      <offset>6</offset>
      <precision>1</precision>
      <unit />
      <description>Schaltzeiten Heizung Freitag 06</description>
      <enable>0</enable>
      <speichern>0</speichern>
    </datapoint>
    <datapoint name="Schaltzeiten Heizung Freitag 07" ID="Schaltzeiten Heizung Freitag 07">
      <addr>2020</addr>
      <len>0</len>
      <blocklen>8</blocklen>
      <offset>7</offset>
      <precision>1</precision>
      <unit />
      <description>Schaltzeiten Heizung Freitag 07</description>
      <enable>0</enable>
      <speichern>0</speichern>
    </datapoint>
    <datapoint name="Schaltzeiten Heizung Samstag 00" ID="Schaltzeiten Heizung Samstag 00">
      <addr>2028</addr>
      <len>8</len>
      <blocklen>8</blocklen>
      <offset>0</offset>
      <precision>1</precision>
      <unit />
      <description>Schaltzeiten Heizung Samstag 00</description>
      <enable>0</enable>
      <speichern>0</speichern>
    </datapoint>
    <datapoint name="Schaltzeiten Heizung Samstag 01" ID="Schaltzeiten Heizung Samstag 01">
      <addr>2028</addr>
      <len>0</len>
      <blocklen>8</blocklen>
      <offset>1</offset>
      <precision>1</precision>
      <unit />
      <description>Schaltzeiten Heizung Samstag 01</description>
      <enable>0</enable>
      <speichern>0</speichern>
    </datapoint>
    <datapoint name="Schaltzeiten Heizung Samstag 02" ID="Schaltzeiten Heizung Samstag 02">
      <addr>2028</addr>
      <len>0</len>
      <blocklen>8</blocklen>
      <offset>2</offset>
      <precision>1</precision>
      <unit />
      <description>Schaltzeiten Heizung Samstag 02</description>
      <enable>0</enable>
      <speichern>0</speichern>
    </datapoint>
    <datapoint name="Schaltzeiten Heizung Samstag 03" ID="Schaltzeiten Heizung Samstag 03">
      <addr>2028</addr>
      <len>0</len>
      <blocklen>8</blocklen>
      <offset>3</offset>
      <precision>1</precision>
      <unit />
      <description>Schaltzeiten Heizung Samstag 03</description>
      <enable>0</enable>
      <speichern>0</speichern>
    </datapoint>
    <datapoint name="Schaltzeiten Heizung Samstag 04" ID="Schaltzeiten Heizung Samstag 04">
      <addr>2028</addr>
      <len>0</len>
      <blocklen>8</blocklen>
      <offset>4</offset>
      <precision>1</precision>
      <unit />
      <description>Schaltzeiten Heizung Samstag 04</description>
      <enable>0</enable>
      <speichern>0</speichern>
    </datapoint>
    <datapoint name="Schaltzeiten Heizung Samstag 05" ID="Schaltzeiten Heizung Samstag 05">
      <addr>2028</addr>
      <len>0</len>
      <blocklen>8</blocklen>
      <offset>5</offset>
      <precision>1</precision>
      <unit />
      <description>Schaltzeiten Heizung Samstag 05</description>
      <enable>0</enable>
      <speichern>0</speichern>
    </datapoint>
    <datapoint name="Schaltzeiten Heizung Samstag 06" ID="Schaltzeiten Heizung Samstag 06">
      <addr>2028</addr>
      <len>0</len>
      <blocklen>8</blocklen>
      <offset>6</offset>
      <precision>1</precision>
      <unit />
      <description>Schaltzeiten Heizung Samstag 06</description>
      <enable>0</enable>
      <speichern>0</speichern>
    </datapoint>
    <datapoint name="Schaltzeiten Heizung Samstag 07" ID="Schaltzeiten Heizung Samstag 07">
      <addr>2028</addr>
      <len>0</len>
      <blocklen>8</blocklen>
      <offset>7</offset>
      <precision>1</precision>
      <unit />
      <description>Schaltzeiten Heizung Samstag 07</description>
      <enable>0</enable>
      <speichern>0</speichern>
    </datapoint>
    <datapoint name="Schaltzeiten Heizung Sonntag 00" ID="Schaltzeiten Heizung Sonntag 00">
      <addr>2030</addr>
      <len>8</len>
      <blocklen>8</blocklen>
      <offset>0</offset>
      <precision>1</precision>
      <unit />
      <description>Schaltzeiten Heizung Sonntag 00</description>
      <enable>0</enable>
      <speichern>0</speichern>
    </datapoint>
    <datapoint name="Schaltzeiten Heizung Sonntag 01" ID="Schaltzeiten Heizung Sonntag 01">
      <addr>2030</addr>
      <len>0</len>
      <blocklen>8</blocklen>
      <offset>1</offset>
      <precision>1</precision>
      <unit />
      <description>Schaltzeiten Heizung Sonntag 01</description>
      <enable>0</enable>
      <speichern>0</speichern>
    </datapoint>
    <datapoint name="Schaltzeiten Heizung Sonntag 02" ID="Schaltzeiten Heizung Sonntag 02">
      <addr>2030</addr>
      <len>0</len>
      <blocklen>8</blocklen>
      <offset>2</offset>
      <precision>1</precision>
      <unit />
      <description>Schaltzeiten Heizung Sonntag 02</description>
      <enable>0</enable>
      <speichern>0</speichern>
    </datapoint>
    <datapoint name="Schaltzeiten Heizung Sonntag 03" ID="Schaltzeiten Heizung Sonntag 03">
      <addr>2030</addr>
      <len>0</len>
      <blocklen>8</blocklen>
      <offset>3</offset>
      <precision>1</precision>
      <unit />
      <description>Schaltzeiten Heizung Sonntag 03</description>
      <enable>0</enable>
      <speichern>0</speichern>
    </datapoint>
    <datapoint name="Schaltzeiten Heizung Sonntag 04" ID="Schaltzeiten Heizung Sonntag 04">
      <addr>2030</addr>
      <len>0</len>
      <blocklen>8</blocklen>
      <offset>4</offset>
      <precision>1</precision>
      <unit />
      <description>Schaltzeiten Heizung Sonntag 04</description>
      <enable>0</enable>
      <speichern>0</speichern>
    </datapoint>
    <datapoint name="Schaltzeiten Heizung Sonntag 05" ID="Schaltzeiten Heizung Sonntag 05">
      <addr>2030</addr>
      <len>0</len>
      <blocklen>8</blocklen>
      <offset>5</offset>
      <precision>1</precision>
      <unit />
      <description>Schaltzeiten Heizung Sonntag 05</description>
      <enable>0</enable>
      <speichern>0</speichern>
    </datapoint>
    <datapoint name="Schaltzeiten Heizung Sonntag 06" ID="Schaltzeiten Heizung Sonntag 06">
      <addr>2030</addr>
      <len>0</len>
      <blocklen>8</blocklen>
      <offset>6</offset>
      <precision>1</precision>
      <unit />
      <description>Schaltzeiten Heizung Sonntag 06</description>
      <enable>0</enable>
      <speichern>0</speichern>
    </datapoint>
    <datapoint name="Schaltzeiten Heizung Sonntag 07" ID="Schaltzeiten Heizung Sonntag 07">
      <addr>2030</addr>
      <len>0</len>
      <blocklen>8</blocklen>
      <offset>7</offset>
      <precision>1</precision>
      <unit />
      <description>Schaltzeiten Heizung Sonntag 07</description>
      <enable>0</enable>
      <speichern>0</speichern>
    </datapoint>
    <datapoint name="Schaltzeiten WW Montag 00" ID="Schaltzeiten WW Montag 00">
      <addr>2100</addr>
      <len>8</len>
      <blocklen>8</blocklen>
      <offset>0</offset>
      <precision>1</precision>
      <unit />
      <description>Schaltzeiten WW Montag 00</description>
      <enable>0</enable>
      <speichern>0</speichern>
    </datapoint>
    <datapoint name="Schaltzeiten WW Montag 01" ID="Schaltzeiten WW Montag 01">
      <addr>2100</addr>
      <len>0</len>
      <blocklen>8</blocklen>
      <offset>1</offset>
      <precision>1</precision>
      <unit />
      <description>Schaltzeiten WW Montag 01</description>
      <enable>0</enable>
      <speichern>0</speichern>
    </datapoint>
    <datapoint name="Schaltzeiten WW Montag 02" ID="Schaltzeiten WW Montag 02">
      <addr>2100</addr>
      <len>0</len>
      <blocklen>8</blocklen>
      <offset>2</offset>
      <precision>1</precision>
      <unit />
      <description>Schaltzeiten WW Montag 02</description>
      <enable>0</enable>
      <speichern>0</speichern>
    </datapoint>
    <datapoint name="Schaltzeiten WW Montag 03" ID="Schaltzeiten WW Montag 03">
      <addr>2100</addr>
      <len>0</len>
      <blocklen>8</blocklen>
      <offset>3</offset>
      <precision>1</precision>
      <unit />
      <description>Schaltzeiten WW Montag 03</description>
      <enable>0</enable>
      <speichern>0</speichern>
    </datapoint>
    <datapoint name="Schaltzeiten WW Montag 04" ID="Schaltzeiten WW Montag 04">
      <addr>2100</addr>
      <len>0</len>
      <blocklen>8</blocklen>
      <offset>4</offset>
      <precision>1</precision>
      <unit />
      <description>Schaltzeiten WW Montag 04</description>
      <enable>0</enable>
      <speichern>0</speichern>
    </datapoint>
    <datapoint name="Schaltzeiten WW Montag 05" ID="Schaltzeiten WW Montag 05">
      <addr>2100</addr>
      <len>0</len>
      <blocklen>8</blocklen>
      <offset>5</offset>
      <precision>1</precision>
      <unit />
      <description>Schaltzeiten WW Montag 05</description>
      <enable>0</enable>
      <speichern>0</speichern>
    </datapoint>
    <datapoint name="Schaltzeiten WW Montag 06" ID="Schaltzeiten WW Montag 06">
      <addr>2100</addr>
      <len>0</len>
      <blocklen>8</blocklen>
      <offset>6</offset>
      <precision>1</precision>
      <unit />
      <description>Schaltzeiten WW Montag 06</description>
      <enable>0</enable>
      <speichern>0</speichern>
    </datapoint>
    <datapoint name="Schaltzeiten WW Montag 07" ID="Schaltzeiten WW Montag 07">
      <addr>2100</addr>
      <len>0</len>
      <blocklen>8</blocklen>
      <offset>7</offset>
      <precision>1</precision>
      <unit />
      <description>Schaltzeiten WW Montag 07</description>
      <enable>0</enable>
      <speichern>0</speichern>
    </datapoint>
    <datapoint name="Schaltzeiten WW Dienstag 00" ID="Schaltzeiten WW Dienstag 00">
      <addr>2108</addr>
      <len>8</len>
      <blocklen>8</blocklen>
      <offset>0</offset>
      <precision>1</precision>
      <unit />
      <description>Schaltzeiten WW Dienstag 00</description>
      <enable>0</enable>
      <speichern>0</speichern>
    </datapoint>
    <datapoint name="Schaltzeiten WW Dienstag 01" ID="Schaltzeiten WW Dienstag 01">
      <addr>2108</addr>
      <len>0</len>
      <blocklen>8</blocklen>
      <offset>1</offset>
      <precision>1</precision>
      <unit />
      <description>Schaltzeiten WW Dienstag 01</description>
      <enable>0</enable>
      <speichern>0</speichern>
    </datapoint>
    <datapoint name="Schaltzeiten WW Dienstag 02" ID="Schaltzeiten WW Dienstag 02">
      <addr>2108</addr>
      <len>0</len>
      <blocklen>8</blocklen>
      <offset>2</offset>
      <precision>1</precision>
      <unit />
      <description>Schaltzeiten WW Dienstag 02</description>
      <enable>0</enable>
      <speichern>0</speichern>
    </datapoint>
    <datapoint name="Schaltzeiten WW Dienstag 03" ID="Schaltzeiten WW Dienstag 03">
      <addr>2108</addr>
      <len>0</len>
      <blocklen>8</blocklen>
      <offset>3</offset>
      <precision>1</precision>
      <unit />
      <description>Schaltzeiten WW Dienstag 03</description>
      <enable>0</enable>
      <speichern>0</speichern>
    </datapoint>
    <datapoint name="Schaltzeiten WW Dienstag 04" ID="Schaltzeiten WW Dienstag 04">
      <addr>2108</addr>
      <len>0</len>
      <blocklen>8</blocklen>
      <offset>4</offset>
      <precision>1</precision>
      <unit />
      <description>Schaltzeiten WW Dienstag 04</description>
      <enable>0</enable>
      <speichern>0</speichern>
    </datapoint>
    <datapoint name="Schaltzeiten WW Dienstag 05" ID="Schaltzeiten WW Dienstag 05">
      <addr>2108</addr>
      <len>0</len>
      <blocklen>8</blocklen>
      <offset>5</offset>
      <precision>1</precision>
      <unit />
      <description>Schaltzeiten WW Dienstag 05</description>
      <enable>0</enable>
      <speichern>0</speichern>
    </datapoint>
    <datapoint name="Schaltzeiten WW Dienstag 06" ID="Schaltzeiten WW Dienstag 06">
      <addr>2108</addr>
      <len>0</len>
      <blocklen>8</blocklen>
      <offset>6</offset>
      <precision>1</precision>
      <unit />
      <description>Schaltzeiten WW Dienstag 06</description>
      <enable>0</enable>
      <speichern>0</speichern>
    </datapoint>
    <datapoint name="Schaltzeiten WW Dienstag 07" ID="Schaltzeiten WW Dienstag 07">
      <addr>2108</addr>
      <len>0</len>
      <blocklen>8</blocklen>
      <offset>7</offset>
      <precision>1</precision>
      <unit />
      <description>Schaltzeiten WW Dienstag 07</description>
      <enable>0</enable>
      <speichern>0</speichern>
    </datapoint>
    <datapoint name="Schaltzeiten WW Mittwoch 00" ID="Schaltzeiten WW Mittwoch 00">
      <addr>2110</addr>
      <len>8</len>
      <blocklen>8</blocklen>
      <offset>0</offset>
      <precision>1</precision>
      <unit />
      <description>Schaltzeiten WW Mittwoch 00</description>
      <enable>0</enable>
      <speichern>0</speichern>
    </datapoint>
    <datapoint name="Schaltzeiten WW Mittwoch 01" ID="Schaltzeiten WW Mittwoch 01">
      <addr>2110</addr>
      <len>0</len>
      <blocklen>8</blocklen>
      <offset>1</offset>
      <precision>1</precision>
      <unit />
      <description>Schaltzeiten WW Mittwoch 01</description>
      <enable>0</enable>
      <speichern>0</speichern>
    </datapoint>
    <datapoint name="Schaltzeiten WW Mittwoch 02" ID="Schaltzeiten WW Mittwoch 02">
      <addr>2110</addr>
      <len>0</len>
      <blocklen>8</blocklen>
      <offset>2</offset>
      <precision>1</precision>
      <unit />
      <description>Schaltzeiten WW Mittwoch 02</description>
      <enable>0</enable>
      <speichern>0</speichern>
    </datapoint>
    <datapoint name="Schaltzeiten WW Mittwoch 03" ID="Schaltzeiten WW Mittwoch 03">
      <addr>2110</addr>
      <len>0</len>
      <blocklen>8</blocklen>
      <offset>3</offset>
      <precision>1</precision>
      <unit />
      <description>Schaltzeiten WW Mittwoch 03</description>
      <enable>0</enable>
      <speichern>0</speichern>
    </datapoint>
    <datapoint name="Schaltzeiten WW Mittwoch 04" ID="Schaltzeiten WW Mittwoch 04">
      <addr>2110</addr>
      <len>0</len>
      <blocklen>8</blocklen>
      <offset>4</offset>
      <precision>1</precision>
      <unit />
      <description>Schaltzeiten WW Mittwoch 04</description>
      <enable>0</enable>
      <speichern>0</speichern>
    </datapoint>
    <datapoint name="Schaltzeiten WW Mittwoch 05" ID="Schaltzeiten WW Mittwoch 05">
      <addr>2110</addr>
      <len>0</len>
      <blocklen>8</blocklen>
      <offset>5</offset>
      <precision>1</precision>
      <unit />
      <description>Schaltzeiten WW Mittwoch 05</description>
      <enable>0</enable>
      <speichern>0</speichern>
    </datapoint>
    <datapoint name="Schaltzeiten WW Mittwoch 06" ID="Schaltzeiten WW Mittwoch 06">
      <addr>2110</addr>
      <len>0</len>
      <blocklen>8</blocklen>
      <offset>6</offset>
      <precision>1</precision>
      <unit />
      <description>Schaltzeiten WW Mittwoch 06</description>
      <enable>0</enable>
      <speichern>0</speichern>
    </datapoint>
    <datapoint name="Schaltzeiten WW Mittwoch 07" ID="Schaltzeiten WW Mittwoch 07">
      <addr>2110</addr>
      <len>0</len>
      <blocklen>8</blocklen>
      <offset>7</offset>
      <precision>1</precision>
      <unit />
      <description>Schaltzeiten WW Mittwoch 07</description>
      <enable>0</enable>
      <speichern>0</speichern>
    </datapoint>
    <datapoint name="Schaltzeiten WW Donnerstag 00" ID="Schaltzeiten WW Donnerstag 00">
      <addr>2118</addr>
      <len>8</len>
      <blocklen>8</blocklen>
      <offset>0</offset>
      <precision>1</precision>
      <unit />
      <description>Schaltzeiten WW Donnerstag 00</description>
      <enable>0</enable>
      <speichern>0</speichern>
    </datapoint>
    <datapoint name="Schaltzeiten WW Donnerstag 01" ID="Schaltzeiten WW Donnerstag 01">
      <addr>2118</addr>
      <len>0</len>
      <blocklen>8</blocklen>
      <offset>1</offset>
      <precision>1</precision>
      <unit />
      <description>Schaltzeiten WW Donnerstag 01</description>
      <enable>0</enable>
      <speichern>0</speichern>
    </datapoint>
    <datapoint name="Schaltzeiten WW Donnerstag 02" ID="Schaltzeiten WW Donnerstag 02">
      <addr>2118</addr>
      <len>0</len>
      <blocklen>8</blocklen>
      <offset>2</offset>
      <precision>1</precision>
      <unit />
      <description>Schaltzeiten WW Donnerstag 02</description>
      <enable>0</enable>
      <speichern>0</speichern>
    </datapoint>
    <datapoint name="Schaltzeiten WW Donnerstag 03" ID="Schaltzeiten WW Donnerstag 03">
      <addr>2118</addr>
      <len>0</len>
      <blocklen>8</blocklen>
      <offset>3</offset>
      <precision>1</precision>
      <unit />
      <description>Schaltzeiten WW Donnerstag 03</description>
      <enable>0</enable>
      <speichern>0</speichern>
    </datapoint>
    <datapoint name="Schaltzeiten WW Donnerstag 04" ID="Schaltzeiten WW Donnerstag 04">
      <addr>2118</addr>
      <len>0</len>
      <blocklen>8</blocklen>
      <offset>4</offset>
      <precision>1</precision>
      <unit />
      <description>Schaltzeiten WW Donnerstag 04</description>
      <enable>0</enable>
      <speichern>0</speichern>
    </datapoint>
    <datapoint name="Schaltzeiten WW Donnerstag 05" ID="Schaltzeiten WW Donnerstag 05">
      <addr>2118</addr>
      <len>0</len>
      <blocklen>8</blocklen>
      <offset>5</offset>
      <precision>1</precision>
      <unit />
      <description>Schaltzeiten WW Donnerstag 05</description>
      <enable>0</enable>
      <speichern>0</speichern>
    </datapoint>
    <datapoint name="Schaltzeiten WW Donnerstag 06" ID="Schaltzeiten WW Donnerstag 06">
      <addr>2118</addr>
      <len>0</len>
      <blocklen>8</blocklen>
      <offset>6</offset>
      <precision>1</precision>
      <unit />
      <description>Schaltzeiten WW Donnerstag 06</description>
      <enable>0</enable>
      <speichern>0</speichern>
    </datapoint>
    <datapoint name="Schaltzeiten WW Donnerstag 07" ID="Schaltzeiten WW Donnerstag 07">
      <addr>2118</addr>
      <len>0</len>
      <blocklen>8</blocklen>
      <offset>7</offset>
      <precision>1</precision>
      <unit />
      <description>Schaltzeiten WW Donnerstag 07</description>
      <enable>0</enable>
      <speichern>0</speichern>
    </datapoint>
    <datapoint name="Schaltzeiten WW Freitag 00" ID="Schaltzeiten WW Freitag 00">
      <addr>2120</addr>
      <len>8</len>
      <blocklen>8</blocklen>
      <offset>0</offset>
      <precision>1</precision>
      <unit />
      <description>Schaltzeiten WW Freitag 00</description>
      <enable>0</enable>
      <speichern>0</speichern>
    </datapoint>
    <datapoint name="Schaltzeiten WW Freitag 01" ID="Schaltzeiten WW Freitag 01">
      <addr>2120</addr>
      <len>0</len>
      <blocklen>8</blocklen>
      <offset>1</offset>
      <precision>1</precision>
      <unit />
      <description>Schaltzeiten WW Freitag 01</description>
      <enable>0</enable>
      <speichern>0</speichern>
    </datapoint>
    <datapoint name="Schaltzeiten WW Freitag 02" ID="Schaltzeiten WW Freitag 02">
      <addr>2120</addr>
      <len>0</len>
      <blocklen>8</blocklen>
      <offset>2</offset>
      <precision>1</precision>
      <unit />
      <description>Schaltzeiten WW Freitag 02</description>
      <enable>0</enable>
      <speichern>0</speichern>
    </datapoint>
    <datapoint name="Schaltzeiten WW Freitag 03" ID="Schaltzeiten WW Freitag 03">
      <addr>2120</addr>
      <len>0</len>
      <blocklen>8</blocklen>
      <offset>3</offset>
      <precision>1</precision>
      <unit />
      <description>Schaltzeiten WW Freitag 03</description>
      <enable>0</enable>
      <speichern>0</speichern>
    </datapoint>
    <datapoint name="Schaltzeiten WW Freitag 04" ID="Schaltzeiten WW Freitag 04">
      <addr>2120</addr>
      <len>0</len>
      <blocklen>8</blocklen>
      <offset>4</offset>
      <precision>1</precision>
      <unit />
      <description>Schaltzeiten WW Freitag 04</description>
      <enable>0</enable>
      <speichern>0</speichern>
    </datapoint>
    <datapoint name="Schaltzeiten WW Freitag 05" ID="Schaltzeiten WW Freitag 05">
      <addr>2120</addr>
      <len>0</len>
      <blocklen>8</blocklen>
      <offset>5</offset>
      <precision>1</precision>
      <unit />
      <description>Schaltzeiten WW Freitag 05</description>
      <enable>0</enable>
      <speichern>0</speichern>
    </datapoint>
    <datapoint name="Schaltzeiten WW Freitag 06" ID="Schaltzeiten WW Freitag 06">
      <addr>2120</addr>
      <len>0</len>
      <blocklen>8</blocklen>
      <offset>6</offset>
      <precision>1</precision>
      <unit />
      <description>Schaltzeiten WW Freitag 06</description>
      <enable>0</enable>
      <speichern>0</speichern>
    </datapoint>
    <datapoint name="Schaltzeiten WW Freitag 07" ID="Schaltzeiten WW Freitag 07">
      <addr>2120</addr>
      <len>0</len>
      <blocklen>8</blocklen>
      <offset>7</offset>
      <precision>1</precision>
      <unit />
      <description>Schaltzeiten WW Freitag 07</description>
      <enable>0</enable>
      <speichern>0</speichern>
    </datapoint>
    <datapoint name="Schaltzeiten WW Samstag 00" ID="Schaltzeiten WW Samstag 00">
      <addr>2128</addr>
      <len>8</len>
      <blocklen>8</blocklen>
      <offset>0</offset>
      <precision>1</precision>
      <unit />
      <description>Schaltzeiten WW Samstag 00</description>
      <enable>0</enable>
      <speichern>0</speichern>
    </datapoint>
    <datapoint name="Schaltzeiten WW Samstag 01" ID="Schaltzeiten WW Samstag 01">
      <addr>2128</addr>
      <len>0</len>
      <blocklen>8</blocklen>
      <offset>1</offset>
      <precision>1</precision>
      <unit />
      <description>Schaltzeiten WW Samstag 01</description>
      <enable>0</enable>
      <speichern>0</speichern>
    </datapoint>
    <datapoint name="Schaltzeiten WW Samstag 02" ID="Schaltzeiten WW Samstag 02">
      <addr>2128</addr>
      <len>0</len>
      <blocklen>8</blocklen>
      <offset>2</offset>
      <precision>1</precision>
      <unit />
      <description>Schaltzeiten WW Samstag 02</description>
      <enable>0</enable>
      <speichern>0</speichern>
    </datapoint>
    <datapoint name="Schaltzeiten WW Samstag 03" ID="Schaltzeiten WW Samstag 03">
      <addr>2128</addr>
      <len>0</len>
      <blocklen>8</blocklen>
      <offset>3</offset>
      <precision>1</precision>
      <unit />
      <description>Schaltzeiten WW Samstag 03</description>
      <enable>0</enable>
      <speichern>0</speichern>
    </datapoint>
    <datapoint name="Schaltzeiten WW Samstag 04" ID="Schaltzeiten WW Samstag 04">
      <addr>2128</addr>
      <len>0</len>
      <blocklen>8</blocklen>
      <offset>4</offset>
      <precision>1</precision>
      <unit />
      <description>Schaltzeiten WW Samstag 04</description>
      <enable>0</enable>
      <speichern>0</speichern>
    </datapoint>
    <datapoint name="Schaltzeiten WW Samstag 05" ID="Schaltzeiten WW Samstag 05">
      <addr>2128</addr>
      <len>0</len>
      <blocklen>8</blocklen>
      <offset>5</offset>
      <precision>1</precision>
      <unit />
      <description>Schaltzeiten WW Samstag 05</description>
      <enable>0</enable>
      <speichern>0</speichern>
    </datapoint>
    <datapoint name="Schaltzeiten WW Samstag 06" ID="Schaltzeiten WW Samstag 06">
      <addr>2128</addr>
      <len>0</len>
      <blocklen>8</blocklen>
      <offset>6</offset>
      <precision>1</precision>
      <unit />
      <description>Schaltzeiten WW Samstag 06</description>
      <enable>0</enable>
      <speichern>0</speichern>
    </datapoint>
    <datapoint name="Schaltzeiten WW Samstag 07" ID="Schaltzeiten WW Samstag 07">
      <addr>2128</addr>
      <len>0</len>
      <blocklen>8</blocklen>
      <offset>7</offset>
      <precision>1</precision>
      <unit />
      <description>Schaltzeiten WW Samstag 07</description>
      <enable>0</enable>
      <speichern>0</speichern>
    </datapoint>
    <datapoint name="Schaltzeiten WW Sonntag 00" ID="Schaltzeiten WW Sonntag 00">
      <addr>2130</addr>
      <len>8</len>
      <blocklen>8</blocklen>
      <offset>0</offset>
      <precision>1</precision>
      <unit />
      <description>Schaltzeiten WW Sonntag 00</description>
      <enable>0</enable>
      <speichern>0</speichern>
    </datapoint>
    <datapoint name="Schaltzeiten WW Sonntag 01" ID="Schaltzeiten WW Sonntag 01">
      <addr>2130</addr>
      <len>0</len>
      <blocklen>8</blocklen>
      <offset>1</offset>
      <precision>1</precision>
      <unit />
      <description>Schaltzeiten WW Sonntag 01</description>
      <enable>0</enable>
      <speichern>0</speichern>
    </datapoint>
    <datapoint name="Schaltzeiten WW Sonntag 02" ID="Schaltzeiten WW Sonntag 02">
      <addr>2130</addr>
      <len>0</len>
      <blocklen>8</blocklen>
      <offset>2</offset>
      <precision>1</precision>
      <unit />
      <description>Schaltzeiten WW Sonntag 02</description>
      <enable>0</enable>
      <speichern>0</speichern>
    </datapoint>
    <datapoint name="Schaltzeiten WW Sonntag 03" ID="Schaltzeiten WW Sonntag 03">
      <addr>2130</addr>
      <len>0</len>
      <blocklen>8</blocklen>
      <offset>3</offset>
      <precision>1</precision>
      <unit />
      <description>Schaltzeiten WW Sonntag 03</description>
      <enable>0</enable>
      <speichern>0</speichern>
    </datapoint>
    <datapoint name="Schaltzeiten WW Sonntag 04" ID="Schaltzeiten WW Sonntag 04">
      <addr>2130</addr>
      <len>0</len>
      <blocklen>8</blocklen>
      <offset>4</offset>
      <precision>1</precision>
      <unit />
      <description>Schaltzeiten WW Sonntag 04</description>
      <enable>0</enable>
      <speichern>0</speichern>
    </datapoint>
    <datapoint name="Schaltzeiten WW Sonntag 05" ID="Schaltzeiten WW Sonntag 05">
      <addr>2130</addr>
      <len>0</len>
      <blocklen>8</blocklen>
      <offset>5</offset>
      <precision>1</precision>
      <unit />
      <description>Schaltzeiten WW Sonntag 05</description>
      <enable>0</enable>
      <speichern>0</speichern>
    </datapoint>
    <datapoint name="Schaltzeiten WW Sonntag 06" ID="Schaltzeiten WW Sonntag 06">
      <addr>2130</addr>
      <len>0</len>
      <blocklen>8</blocklen>
      <offset>6</offset>
      <precision>1</precision>
      <unit />
      <description>Schaltzeiten WW Sonntag 06</description>
      <enable>0</enable>
      <speichern>0</speichern>
    </datapoint>
    <datapoint name="Schaltzeiten WW Sonntag 07" ID="Schaltzeiten WW Sonntag 07">
      <addr>2130</addr>
      <len>0</len>
      <blocklen>8</blocklen>
      <offset>7</offset>
      <precision>1</precision>
      <unit />
      <description>Schaltzeiten WW Sonntag 07</description>
      <enable>0</enable>
      <speichern>0</speichern>
    </datapoint>
    <datapoint name="Schaltzeiten Zirku Montag 00" ID="Schaltzeiten Zirku Montag 00">
      <addr>2200</addr>
      <len>8</len>
      <blocklen>8</blocklen>
      <offset>0</offset>
      <precision>1</precision>
      <unit />
      <description>Schaltzeiten Zirku Montag 00</description>
      <enable>0</enable>
      <speichern>0</speichern>
    </datapoint>
    <datapoint name="Schaltzeiten Zirku Montag 01" ID="Schaltzeiten Zirku Montag 01">
      <addr>2200</addr>
      <len>0</len>
      <blocklen>8</blocklen>
      <offset>1</offset>
      <precision>1</precision>
      <unit />
      <description>Schaltzeiten Zirku Montag 01</description>
      <enable>0</enable>
      <speichern>0</speichern>
    </datapoint>
    <datapoint name="Schaltzeiten Zirku Montag 02" ID="Schaltzeiten Zirku Montag 02">
      <addr>2200</addr>
      <len>0</len>
      <blocklen>8</blocklen>
      <offset>2</offset>
      <precision>1</precision>
      <unit />
      <description>Schaltzeiten Zirku Montag 02</description>
      <enable>0</enable>
      <speichern>0</speichern>
    </datapoint>
    <datapoint name="Schaltzeiten Zirku Montag 03" ID="Schaltzeiten Zirku Montag 03">
      <addr>2200</addr>
      <len>0</len>
      <blocklen>8</blocklen>
      <offset>3</offset>
      <precision>1</precision>
      <unit />
      <description>Schaltzeiten Zirku Montag 03</description>
      <enable>0</enable>
      <speichern>0</speichern>
    </datapoint>
    <datapoint name="Schaltzeiten Zirku Montag 04" ID="Schaltzeiten Zirku Montag 04">
      <addr>2200</addr>
      <len>0</len>
      <blocklen>8</blocklen>
      <offset>4</offset>
      <precision>1</precision>
      <unit />
      <description>Schaltzeiten Zirku Montag 04</description>
      <enable>0</enable>
      <speichern>0</speichern>
    </datapoint>
    <datapoint name="Schaltzeiten Zirku Montag 05" ID="Schaltzeiten Zirku Montag 05">
      <addr>2200</addr>
      <len>0</len>
      <blocklen>8</blocklen>
      <offset>5</offset>
      <precision>1</precision>
      <unit />
      <description>Schaltzeiten Zirku Montag 05</description>
      <enable>0</enable>
      <speichern>0</speichern>
    </datapoint>
    <datapoint name="Schaltzeiten Zirku Montag 06" ID="Schaltzeiten Zirku Montag 06">
      <addr>2200</addr>
      <len>0</len>
      <blocklen>8</blocklen>
      <offset>6</offset>
      <precision>1</precision>
      <unit />
      <description>Schaltzeiten Zirku Montag 06</description>
      <enable>0</enable>
      <speichern>0</speichern>
    </datapoint>
    <datapoint name="Schaltzeiten Zirku Montag 07" ID="Schaltzeiten Zirku Montag 07">
      <addr>2200</addr>
      <len>0</len>
      <blocklen>8</blocklen>
      <offset>7</offset>
      <precision>1</precision>
      <unit />
      <description>Schaltzeiten Zirku Montag 07</description>
      <enable>0</enable>
      <speichern>0</speichern>
    </datapoint>
    <datapoint name="Schaltzeiten Zirku Dienstag 00" ID="Schaltzeiten Zirku Dienstag 00">
      <addr>2208</addr>
      <len>8</len>
      <blocklen>8</blocklen>
      <offset>0</offset>
      <precision>1</precision>
      <unit />
      <description>Schaltzeiten Zirku Dienstag 00</description>
      <enable>0</enable>
      <speichern>0</speichern>
    </datapoint>
    <datapoint name="Schaltzeiten Zirku Dienstag 01" ID="Schaltzeiten Zirku Dienstag 01">
      <addr>2208</addr>
      <len>0</len>
      <blocklen>8</blocklen>
      <offset>1</offset>
      <precision>1</precision>
      <unit />
      <description>Schaltzeiten Zirku Dienstag 01</description>
      <enable>0</enable>
      <speichern>0</speichern>
    </datapoint>
    <datapoint name="Schaltzeiten Zirku Dienstag 02" ID="Schaltzeiten Zirku Dienstag 02">
      <addr>2208</addr>
      <len>0</len>
      <blocklen>8</blocklen>
      <offset>2</offset>
      <precision>1</precision>
      <unit />
      <description>Schaltzeiten Zirku Dienstag 02</description>
      <enable>0</enable>
      <speichern>0</speichern>
    </datapoint>
    <datapoint name="Schaltzeiten Zirku Dienstag 03" ID="Schaltzeiten Zirku Dienstag 03">
      <addr>2208</addr>
      <len>0</len>
      <blocklen>8</blocklen>
      <offset>3</offset>
      <precision>1</precision>
      <unit />
      <description>Schaltzeiten Zirku Dienstag 03</description>
      <enable>0</enable>
      <speichern>0</speichern>
    </datapoint>
    <datapoint name="Schaltzeiten Zirku Dienstag 04" ID="Schaltzeiten Zirku Dienstag 04">
      <addr>2208</addr>
      <len>0</len>
      <blocklen>8</blocklen>
      <offset>4</offset>
      <precision>1</precision>
      <unit />
      <description>Schaltzeiten Zirku Dienstag 04</description>
      <enable>0</enable>
      <speichern>0</speichern>
    </datapoint>
    <datapoint name="Schaltzeiten Zirku Dienstag 05" ID="Schaltzeiten Zirku Dienstag 05">
      <addr>2208</addr>
      <len>0</len>
      <blocklen>8</blocklen>
      <offset>5</offset>
      <precision>1</precision>
      <unit />
      <description>Schaltzeiten Zirku Dienstag 05</description>
      <enable>0</enable>
      <speichern>0</speichern>
    </datapoint>
    <datapoint name="Schaltzeiten Zirku Dienstag 06" ID="Schaltzeiten Zirku Dienstag 06">
      <addr>2208</addr>
      <len>0</len>
      <blocklen>8</blocklen>
      <offset>6</offset>
      <precision>1</precision>
      <unit />
      <description>Schaltzeiten Zirku Dienstag 06</description>
      <enable>0</enable>
      <speichern>0</speichern>
    </datapoint>
    <datapoint name="Schaltzeiten Zirku Dienstag 07" ID="Schaltzeiten Zirku Dienstag 07">
      <addr>2208</addr>
      <len>0</len>
      <blocklen>8</blocklen>
      <offset>7</offset>
      <precision>1</precision>
      <unit />
      <description>Schaltzeiten Zirku Dienstag 07</description>
      <enable>0</enable>
      <speichern>0</speichern>
    </datapoint>
    <datapoint name="Schaltzeiten Zirku Mittwoch 00" ID="Schaltzeiten Zirku Mittwoch 00">
      <addr>2210</addr>
      <len>8</len>
      <blocklen>8</blocklen>
      <offset>0</offset>
      <precision>1</precision>
      <unit />
      <description>Schaltzeiten Zirku Mittwoch 00</description>
      <enable>0</enable>
      <speichern>0</speichern>
    </datapoint>
    <datapoint name="Schaltzeiten Zirku Mittwoch 01" ID="Schaltzeiten Zirku Mittwoch 01">
      <addr>2210</addr>
      <len>0</len>
      <blocklen>8</blocklen>
      <offset>1</offset>
      <precision>1</precision>
      <unit />
      <description>Schaltzeiten Zirku Mittwoch 01</description>
      <enable>0</enable>
      <speichern>0</speichern>
    </datapoint>
    <datapoint name="Schaltzeiten Zirku Mittwoch 02" ID="Schaltzeiten Zirku Mittwoch 02">
      <addr>2210</addr>
      <len>0</len>
      <blocklen>8</blocklen>
      <offset>2</offset>
      <precision>1</precision>
      <unit />
      <description>Schaltzeiten Zirku Mittwoch 02</description>
      <enable>0</enable>
      <speichern>0</speichern>
    </datapoint>
    <datapoint name="Schaltzeiten Zirku Mittwoch 03" ID="Schaltzeiten Zirku Mittwoch 03">
      <addr>2210</addr>
      <len>0</len>
      <blocklen>8</blocklen>
      <offset>3</offset>
      <precision>1</precision>
      <unit />
      <description>Schaltzeiten Zirku Mittwoch 03</description>
      <enable>0</enable>
      <speichern>0</speichern>
    </datapoint>
    <datapoint name="Schaltzeiten Zirku Mittwoch 04" ID="Schaltzeiten Zirku Mittwoch 04">
      <addr>2210</addr>
      <len>0</len>
      <blocklen>8</blocklen>
      <offset>4</offset>
      <precision>1</precision>
      <unit />
      <description>Schaltzeiten Zirku Mittwoch 04</description>
      <enable>0</enable>
      <speichern>0</speichern>
    </datapoint>
    <datapoint name="Schaltzeiten Zirku Mittwoch 05" ID="Schaltzeiten Zirku Mittwoch 05">
      <addr>2210</addr>
      <len>0</len>
      <blocklen>8</blocklen>
      <offset>5</offset>
      <precision>1</precision>
      <unit />
      <description>Schaltzeiten Zirku Mittwoch 05</description>
      <enable>0</enable>
      <speichern>0</speichern>
    </datapoint>
    <datapoint name="Schaltzeiten Zirku Mittwoch 06" ID="Schaltzeiten Zirku Mittwoch 06">
      <addr>2210</addr>
      <len>0</len>
      <blocklen>8</blocklen>
      <offset>6</offset>
      <precision>1</precision>
      <unit />
      <description>Schaltzeiten Zirku Mittwoch 06</description>
      <enable>0</enable>
      <speichern>0</speichern>
    </datapoint>
    <datapoint name="Schaltzeiten Zirku Mittwoch 07" ID="Schaltzeiten Zirku Mittwoch 07">
      <addr>2210</addr>
      <len>0</len>
      <blocklen>8</blocklen>
      <offset>7</offset>
      <precision>1</precision>
      <unit />
      <description>Schaltzeiten Zirku Mittwoch 07</description>
      <enable>0</enable>
      <speichern>0</speichern>
    </datapoint>
    <datapoint name="Schaltzeiten Zirku Donnerstag 00" ID="Schaltzeiten Zirku Donnerstag 00">
      <addr>2218</addr>
      <len>8</len>
      <blocklen>8</blocklen>
      <offset>0</offset>
      <precision>1</precision>
      <unit />
      <description>Schaltzeiten Zirku Donnerstag 00</description>
      <enable>0</enable>
      <speichern>0</speichern>
    </datapoint>
    <datapoint name="Schaltzeiten Zirku Donnerstag 01" ID="Schaltzeiten Zirku Donnerstag 01">
      <addr>2218</addr>
      <len>0</len>
      <blocklen>8</blocklen>
      <offset>1</offset>
      <precision>1</precision>
      <unit />
      <description>Schaltzeiten Zirku Donnerstag 01</description>
      <enable>0</enable>
      <speichern>0</speichern>
    </datapoint>
    <datapoint name="Schaltzeiten Zirku Donnerstag 02" ID="Schaltzeiten Zirku Donnerstag 02">
      <addr>2218</addr>
      <len>0</len>
      <blocklen>8</blocklen>
      <offset>2</offset>
      <precision>1</precision>
      <unit />
      <description>Schaltzeiten Zirku Donnerstag 02</description>
      <enable>0</enable>
      <speichern>0</speichern>
    </datapoint>
    <datapoint name="Schaltzeiten Zirku Donnerstag 03" ID="Schaltzeiten Zirku Donnerstag 03">
      <addr>2218</addr>
      <len>0</len>
      <blocklen>8</blocklen>
      <offset>3</offset>
      <precision>1</precision>
      <unit />
      <description>Schaltzeiten Zirku Donnerstag 03</description>
      <enable>0</enable>
      <speichern>0</speichern>
    </datapoint>
    <datapoint name="Schaltzeiten Zirku Donnerstag 04" ID="Schaltzeiten Zirku Donnerstag 04">
      <addr>2218</addr>
      <len>0</len>
      <blocklen>8</blocklen>
      <offset>4</offset>
      <precision>1</precision>
      <unit />
      <description>Schaltzeiten Zirku Donnerstag 04</description>
      <enable>0</enable>
      <speichern>0</speichern>
    </datapoint>
    <datapoint name="Schaltzeiten Zirku Donnerstag 05" ID="Schaltzeiten Zirku Donnerstag 05">
      <addr>2218</addr>
      <len>0</len>
      <blocklen>8</blocklen>
      <offset>5</offset>
      <precision>1</precision>
      <unit />
      <description>Schaltzeiten Zirku Donnerstag 05</description>
      <enable>0</enable>
      <speichern>0</speichern>
    </datapoint>
    <datapoint name="Schaltzeiten Zirku Donnerstag 06" ID="Schaltzeiten Zirku Donnerstag 06">
      <addr>2218</addr>
      <len>0</len>
      <blocklen>8</blocklen>
      <offset>6</offset>
      <precision>1</precision>
      <unit />
      <description>Schaltzeiten Zirku Donnerstag 06</description>
      <enable>0</enable>
      <speichern>0</speichern>
    </datapoint>
    <datapoint name="Schaltzeiten Zirku Donnerstag 07" ID="Schaltzeiten Zirku Donnerstag 07">
      <addr>2218</addr>
      <len>0</len>
      <blocklen>8</blocklen>
      <offset>7</offset>
      <precision>1</precision>
      <unit />
      <description>Schaltzeiten Zirku Donnerstag 07</description>
      <enable>0</enable>
      <speichern>0</speichern>
    </datapoint>
    <datapoint name="Schaltzeiten Zirku Freitag 00" ID="Schaltzeiten Zirku Freitag 00">
      <addr>2220</addr>
      <len>8</len>
      <blocklen>8</blocklen>
      <offset>0</offset>
      <precision>1</precision>
      <unit />
      <description>Schaltzeiten Zirku Freitag 00</description>
      <enable>0</enable>
      <speichern>0</speichern>
    </datapoint>
    <datapoint name="Schaltzeiten Zirku Freitag 01" ID="Schaltzeiten Zirku Freitag 01">
      <addr>2220</addr>
      <len>0</len>
      <blocklen>8</blocklen>
      <offset>1</offset>
      <precision>1</precision>
      <unit />
      <description>Schaltzeiten Zirku Freitag 01</description>
      <enable>0</enable>
      <speichern>0</speichern>
    </datapoint>
    <datapoint name="Schaltzeiten Zirku Freitag 02" ID="Schaltzeiten Zirku Freitag 02">
      <addr>2220</addr>
      <len>0</len>
      <blocklen>8</blocklen>
      <offset>2</offset>
      <precision>1</precision>
      <unit />
      <description>Schaltzeiten Zirku Freitag 02</description>
      <enable>0</enable>
      <speichern>0</speichern>
    </datapoint>
    <datapoint name="Schaltzeiten Zirku Freitag 03" ID="Schaltzeiten Zirku Freitag 03">
      <addr>2220</addr>
      <len>0</len>
      <blocklen>8</blocklen>
      <offset>3</offset>
      <precision>1</precision>
      <unit />
      <description>Schaltzeiten Zirku Freitag 03</description>
      <enable>0</enable>
      <speichern>0</speichern>
    </datapoint>
    <datapoint name="Schaltzeiten Zirku Freitag 04" ID="Schaltzeiten Zirku Freitag 04">
      <addr>2220</addr>
      <len>0</len>
      <blocklen>8</blocklen>
      <offset>4</offset>
      <precision>1</precision>
      <unit />
      <description>Schaltzeiten Zirku Freitag 04</description>
      <enable>0</enable>
      <speichern>0</speichern>
    </datapoint>
    <datapoint name="Schaltzeiten Zirku Freitag 05" ID="Schaltzeiten Zirku Freitag 05">
      <addr>2220</addr>
      <len>0</len>
      <blocklen>8</blocklen>
      <offset>5</offset>
      <precision>1</precision>
      <unit />
      <description>Schaltzeiten Zirku Freitag 05</description>
      <enable>0</enable>
      <speichern>0</speichern>
    </datapoint>
    <datapoint name="Schaltzeiten Zirku Freitag 06" ID="Schaltzeiten Zirku Freitag 06">
      <addr>2220</addr>
      <len>0</len>
      <blocklen>8</blocklen>
      <offset>6</offset>
      <precision>1</precision>
      <unit />
      <description>Schaltzeiten Zirku Freitag 06</description>
      <enable>0</enable>
      <speichern>0</speichern>
    </datapoint>
    <datapoint name="Schaltzeiten Zirku Freitag 07" ID="Schaltzeiten Zirku Freitag 07">
      <addr>2220</addr>
      <len>0</len>
      <blocklen>8</blocklen>
      <offset>7</offset>
      <precision>1</precision>
      <unit />
      <description>Schaltzeiten Zirku Freitag 07</description>
      <enable>0</enable>
      <speichern>0</speichern>
    </datapoint>
    <datapoint name="Schaltzeiten Zirku Samstag 00" ID="Schaltzeiten Zirku Samstag 00">
      <addr>2228</addr>
      <len>8</len>
      <blocklen>8</blocklen>
      <offset>0</offset>
      <precision>1</precision>
      <unit />
      <description>Schaltzeiten Zirku Samstag 00</description>
      <enable>0</enable>
      <speichern>0</speichern>
    </datapoint>
    <datapoint name="Schaltzeiten Zirku Samstag 01" ID="Schaltzeiten Zirku Samstag 01">
      <addr>2228</addr>
      <len>0</len>
      <blocklen>8</blocklen>
      <offset>1</offset>
      <precision>1</precision>
      <unit />
      <description>Schaltzeiten Zirku Samstag 01</description>
      <enable>0</enable>
      <speichern>0</speichern>
    </datapoint>
    <datapoint name="Schaltzeiten Zirku Samstag 02" ID="Schaltzeiten Zirku Samstag 02">
      <addr>2228</addr>
      <len>0</len>
      <blocklen>8</blocklen>
      <offset>2</offset>
      <precision>1</precision>
      <unit />
      <description>Schaltzeiten Zirku Samstag 02</description>
      <enable>0</enable>
      <speichern>0</speichern>
    </datapoint>
    <datapoint name="Schaltzeiten Zirku Samstag 03" ID="Schaltzeiten Zirku Samstag 03">
      <addr>2228</addr>
      <len>0</len>
      <blocklen>8</blocklen>
      <offset>3</offset>
      <precision>1</precision>
      <unit />
      <description>Schaltzeiten Zirku Samstag 03</description>
      <enable>0</enable>
      <speichern>0</speichern>
    </datapoint>
    <datapoint name="Schaltzeiten Zirku Samstag 04" ID="Schaltzeiten Zirku Samstag 04">
      <addr>2228</addr>
      <len>0</len>
      <blocklen>8</blocklen>
      <offset>4</offset>
      <precision>1</precision>
      <unit />
      <description>Schaltzeiten Zirku Samstag 04</description>
      <enable>0</enable>
      <speichern>0</speichern>
    </datapoint>
    <datapoint name="Schaltzeiten Zirku Samstag 05" ID="Schaltzeiten Zirku Samstag 05">
      <addr>2228</addr>
      <len>0</len>
      <blocklen>8</blocklen>
      <offset>5</offset>
      <precision>1</precision>
      <unit />
      <description>Schaltzeiten Zirku Samstag 05</description>
      <enable>0</enable>
      <speichern>0</speichern>
    </datapoint>
    <datapoint name="Schaltzeiten Zirku Samstag 06" ID="Schaltzeiten Zirku Samstag 06">
      <addr>2228</addr>
      <len>0</len>
      <blocklen>8</blocklen>
      <offset>6</offset>
      <precision>1</precision>
      <unit />
      <description>Schaltzeiten Zirku Samstag 06</description>
      <enable>0</enable>
      <speichern>0</speichern>
    </datapoint>
    <datapoint name="Schaltzeiten Zirku Samstag 07" ID="Schaltzeiten Zirku Samstag 07">
      <addr>2228</addr>
      <len>0</len>
      <blocklen>8</blocklen>
      <offset>7</offset>
      <precision>1</precision>
      <unit />
      <description>Schaltzeiten Zirku Samstag 07</description>
      <enable>0</enable>
      <speichern>0</speichern>
    </datapoint>
    <datapoint name="Schaltzeiten Zirku Sonntag 00" ID="Schaltzeiten Zirku Sonntag 00">
      <addr>2230</addr>
      <len>8</len>
      <blocklen>8</blocklen>
      <offset>0</offset>
      <precision>1</precision>
      <unit />
      <description>Schaltzeiten Zirku Sonntag 00</description>
      <enable>0</enable>
      <speichern>0</speichern>
    </datapoint>
    <datapoint name="Schaltzeiten Zirku Sonntag 01" ID="Schaltzeiten Zirku Sonntag 01">
      <addr>2230</addr>
      <len>0</len>
      <blocklen>8</blocklen>
      <offset>1</offset>
      <precision>1</precision>
      <unit />
      <description>Schaltzeiten Zirku Sonntag 01</description>
      <enable>0</enable>
      <speichern>0</speichern>
    </datapoint>
    <datapoint name="Schaltzeiten Zirku Sonntag 02" ID="Schaltzeiten Zirku Sonntag 02">
      <addr>2230</addr>
      <len>0</len>
      <blocklen>8</blocklen>
      <offset>2</offset>
      <precision>1</precision>
      <unit />
      <description>Schaltzeiten Zirku Sonntag 02</description>
      <enable>0</enable>
      <speichern>0</speichern>
    </datapoint>
    <datapoint name="Schaltzeiten Zirku Sonntag 03" ID="Schaltzeiten Zirku Sonntag 03">
      <addr>2230</addr>
      <len>0</len>
      <blocklen>8</blocklen>
      <offset>3</offset>
      <precision>1</precision>
      <unit />
      <description>Schaltzeiten Zirku Sonntag 03</description>
      <enable>0</enable>
      <speichern>0</speichern>
    </datapoint>
    <datapoint name="Schaltzeiten Zirku Sonntag 04" ID="Schaltzeiten Zirku Sonntag 04">
      <addr>2230</addr>
      <len>0</len>
      <blocklen>8</blocklen>
      <offset>4</offset>
      <precision>1</precision>
      <unit />
      <description>Schaltzeiten Zirku Sonntag 04</description>
      <enable>0</enable>
      <speichern>0</speichern>
    </datapoint>
    <datapoint name="Schaltzeiten Zirku Sonntag 05" ID="Schaltzeiten Zirku Sonntag 05">
      <addr>2230</addr>
      <len>0</len>
      <blocklen>8</blocklen>
      <offset>5</offset>
      <precision>1</precision>
      <unit />
      <description>Schaltzeiten Zirku Sonntag 05</description>
      <enable>0</enable>
      <speichern>0</speichern>
    </datapoint>
    <datapoint name="Schaltzeiten Zirku Sonntag 06" ID="Schaltzeiten Zirku Sonntag 06">
      <addr>2230</addr>
      <len>0</len>
      <blocklen>8</blocklen>
      <offset>6</offset>
      <precision>1</precision>
      <unit />
      <description>Schaltzeiten Zirku Sonntag 06</description>
      <enable>0</enable>
      <speichern>0</speichern>
    </datapoint>
    <datapoint name="Schaltzeiten Zirku Sonntag 07" ID="Schaltzeiten Zirku Sonntag 07">
      <addr>2230</addr>
      <len>0</len>
      <blocklen>8</blocklen>
      <offset>7</offset>
      <precision>1</precision>
      <unit />
      <description>Schaltzeiten Zirku Sonntag 07</description>
      <enable>0</enable>
      <speichern>0</speichern>
    </datapoint>
  </datapoints>
</vito>