﻿<?xml version="1.0" encoding="utf-8" standalone="yes"?>
<test_enum>
  <Auswertungen>
    <Auswertung ID="TestID_01">
      <name>Durchschnittstemperatur</name>
      <addr>5525</addr>
      <Montag></Montag>
      <Dienstag></Dienstag>
      <Mittwoch></Mittwoch>
      <Donnerstag></Donnerstag>
      <Freitag></Freitag>
      <Samstag></Samstag>
      <Sonntag></Sonntag>
      <Woche></Woche>			
    </Auswertung>
    <Auswertung ID="TestID_02">
       <name>Min. Temperatur</name>
      <addr>5525</addr>
     <Montag></Montag>
      <Dienstag></Dienstag>
      <Mittwoch></Mittwoch>
      <Donnerstag></Donnerstag>
      <Freitag></Freitag>
      <Samstag></Samstag>
      <Sonntag></Sonntag>
      <Woche></Woche>		
   </Auswertung>
   <Auswertung ID="TestID_03">
      <name>Max. Temperatur</name>
      <addr>5525</addr>
     <Montag></Montag>
      <Dienstag></Dienstag>
      <Mittwoch></Mittwoch>
      <Donnerstag></Donnerstag>
      <Freitag></Freitag>
      <Samstag></Samstag>
      <Sonntag></Sonntag>
      <Woche></Woche>		
   </Auswertung>
   <Auswertung ID="TestID_03">
      <name>Brenner Starts</name>
      <addr>088A</addr>
     <Montag></Montag>
      <Dienstag></Dienstag>
      <Mittwoch></Mittwoch>
      <Donnerstag></Donnerstag>
      <Freitag></Freitag>
      <Samstag></Samstag>
      <Sonntag></Sonntag>
      <Woche></Woche>		
   </Auswertung>
   <Auswertung ID="TestID_03">
      <name>Brenner Std.</name>
      <addr>08A7</addr>
     <Montag></Montag>
      <Dienstag></Dienstag>
      <Mittwoch></Mittwoch>
      <Donnerstag></Donnerstag>
      <Freitag></Freitag>
      <Samstag></Samstag>
      <Sonntag></Sonntag>
      <Woche></Woche>		
   </Auswertung>
   <Auswertung ID="TestID_03">
      <name>Gasverbrauch</name>
      <addr>55D3</addr>
      <Montag></Montag>
      <Dienstag></Dienstag>
      <Mittwoch></Mittwoch>
      <Donnerstag></Donnerstag>
      <Freitag></Freitag>
      <Samstag></Samstag>
      <Sonntag></Sonntag>
      <Woche></Woche>		
   </Auswertung>
  </Auswertungen>
</test_enum>