<?xml version="1.0" standalone="yes"?>
<vito>
  <datapoints>
    <datapoint name="sysDeviceIdent">
      <addr>00F8</addr>
      <len>8</len>
      <precision>1</precision>
      <unit />
      <description>sysDeviceIdent</description>
      <enable>0</enable>
      <speichern>0</speichern>
    </datapoint>
    <datapoint name="Test1">
      <addr>00F0</addr>
      <len>1</len>
      <precision>1</precision>
      <unit />
      <description>sysDeviceIdentF0</description>
      <enable>0</enable>
      <speichern>0</speichern>
    </datapoint>
    <datapoint name="Test2">
      <addr>00F0</addr>
      <len>1</len>
      <precision>1</precision>
      <unit />
      <description>Test2</description>
      <enable>0</enable>
      <speichern>0</speichern>
    </datapoint>
    <datapoint name="Anlagenzeit" ID="aktuelle Uhrzeit">
      <addr>088E</addr>
      <len>8</len>
      <precision>1</precision>
      <unit />
      <description>AnlagenUhrzeit</description>
      <enable>1</enable>
      <speichern>1</speichern>
    </datapoint>
    <datapoint name="### AD Wandlerwerte ######" ID="### AD Wandlerwerte ######">
      <len>0</len>
      <description>### AD Wandlerwerte ######</description>
      <enable>0</enable>
      <speichern>0</speichern>
    </datapoint>
    <datapoint name="AussenTmp" ID="AD Wandler AT-S">
      <addr>0800</addr>
      <len>2</len>
      <precision>-0.1</precision>
      <unit>Grad</unit>
      <description>Temperatur Sensor 1</description>
      <enable>1</enable>
      <speichern>1</speichern>
    </datapoint>
    <datapoint name="KesselTmp" ID="AD Wandler KT-S">
      <addr>0802</addr>
      <len>2</len>
      <precision>0.1</precision>
      <unit>Grad</unit>
      <description>Temperatur Sensor 3</description>
      <enable>1</enable>
      <speichern>1</speichern>
    </datapoint>
    <datapoint name="SpeicherTmp" ID="AD Wandler ST-S">
      <addr>0804</addr>
      <len>2</len>
      <precision>0.1</precision>
      <unit>Grad</unit>
      <description>Temperatur Sensor 5</description>
      <enable>1</enable>
      <speichern>1</speichern>
    </datapoint>
    <datapoint name="AbgasTmp" ID="AD Wandler AGT-S">
      <addr>0808</addr>
      <len>2</len>
      <precision>0.1</precision>
      <unit>Grad</unit>
      <description>Temperatur Sensor 15 </description>
      <enable>1</enable>
      <speichern>1</speichern>
    </datapoint>
    <datapoint name="RücklaufTmp" ID="AD Wandler RLT-S">
      <addr>080A</addr>
      <len>2</len>
      <precision>0.1</precision>
      <unit>Grad</unit>
      <description>Temperatur Sensor 17a</description>
      <enable>0</enable>
      <speichern>0</speichern>
    </datapoint>
    <datapoint name="Temperatur_Hydraulische_Weiche" ID="ADC_IstTemperaturwert_17B">
      <addr>080C</addr>
      <len>2</len>
      <precision>0.1</precision>
      <unit>Grad</unit>
      <description>Temperatur Sensor 17b</description>
      <enable>0</enable>
      <speichern>0</speichern>
    </datapoint>
    <datapoint name="### gefilterte Temperaturwerte ######" ID="### gefilterte Temperaturwerte ######">
      <len>0</len>
      <description>### gefilterte Temperaturwerte ######</description>
      <enable>0</enable>
      <speichern>0</speichern>
    </datapoint>
    <datapoint name="AT geglättet" ID="AT geglättet">
      <addr>5525</addr>
      <len>2</len>
      <precision>-0.1</precision>
      <unit>Grad</unit>
      <description>Aussentemperatur geglättet</description>
      <enable>1</enable>
      <speichern>1</speichern>
    </datapoint>
    <datapoint name="AT gedämpft" ID="AT gedämpft">
      <addr>5523</addr>
      <len>2</len>
      <precision>-0.1</precision>
      <unit>Grad</unit>
      <description>Aussentemperatur gedämpft</description>
      <enable>1</enable>
      <speichern>1</speichern>
    </datapoint>
    <datapoint name="AT gemischt" ID="Gemischte AT">
      <addr>5527</addr>
      <len>2</len>
      <precision>-0.1</precision>
      <unit>Grad</unit>
      <description>Aussentemperatur gedaempft</description>
      <enable>1</enable>
      <speichern>1</speichern>
    </datapoint>
    <datapoint name="KesselTmp g." ID="TiefpassTemperaturwert_KTS_A1">
      <addr>0810</addr>
      <len>2</len>
      <precision>0.1</precision>
      <unit>Grad</unit>
      <description>Kesseltemperatur</description>
      <enable>0</enable>
      <speichern>0</speichern>
    </datapoint>
    <datapoint name="SpeicherTmp g." ID="gedaempfter Wert ST-S1">
      <addr>0812</addr>
      <len>2</len>
      <precision>0.1</precision>
      <unit>Grad</unit>
      <description>Speichertemperatur gedaemft</description>
      <enable>0</enable>
      <speichern>0</speichern>
    </datapoint>
    <datapoint name="Speicher2Tmp g." ID="gedaempfter Wert ST-S2">
      <addr>0814</addr>
      <len>2</len>
      <precision>0.1</precision>
      <unit>Grad</unit>
      <description>Speichertemperatur2 gedaemft</description>
      <enable>0</enable>
      <speichern>0</speichern>
    </datapoint>
    <datapoint name="AbgasTmp g." ID="gedaempfter Wert AGT-S">
      <addr>0816</addr>
      <len>2</len>
      <precision>0.1</precision>
      <unit>Grad</unit>
      <description>Abgastemperatur</description>
      <enable>0</enable>
      <speichern>0</speichern>
    </datapoint>
    <datapoint name="RaumTmp HK1" ID="RTS HK1">
      <addr>0896</addr>
      <len>0</len>
      <precision>0.1</precision>
      <unit>Grad</unit>
      <description>RTS HK1</description>
      <enable>0</enable>
      <speichern>0</speichern>
    </datapoint>
    <datapoint name="### Sensor-Statuswerte ######" ID="### Sensor-Statuswerte ######">
      <len>0</len>
      <description>### Sensor-Statuswerte ######</description>
      <enable>0</enable>
      <speichern>0</speichern>
    </datapoint>
    <datapoint name="AussenTmp SensorStatus" ID="Fehler AT-S">
      <addr>083A</addr>
      <len>1</len>
      <precision>1</precision>
      <unit />
      <description>Status Sensor 1</description>
      <enable>1</enable>
      <speichern>0</speichern>
    </datapoint>
    <datapoint name="KesselTmp SensorStatus" ID="Fehler KT-S">
      <addr>083B</addr>
      <len>1</len>
      <precision>1</precision>
      <unit />
      <description>Status Sensor 3</description>
      <enable>1</enable>
      <speichern>0</speichern>
    </datapoint>
    <datapoint name="SpeicherTmp SensorStatus" ID="Fehler ST-S">
      <addr>083C</addr>
      <len>1</len>
      <precision>1</precision>
      <unit />
      <description>Status Sensor 5</description>
      <enable>1</enable>
      <speichern>0</speichern>
    </datapoint>
    <datapoint name="AbgasTmp SensorStatus" ID="Fehler AGT-S">
      <addr>083E</addr>
      <len>1</len>
      <precision>1</precision>
      <unit />
      <description>Status Sensor 15</description>
      <enable>1</enable>
      <speichern>0</speichern>
    </datapoint>
    <datapoint name="### Statuswerte ######" ID="### Statuswerte ######">
      <len>0</len>
      <description>### Statuswerte ######</description>
      <enable>0</enable>
      <speichern>0</speichern>
    </datapoint>
    <datapoint name="Brenner E/A" ID="Brenner 1. Stufe">
      <addr>0842</addr>
      <len>1</len>
      <precision>1</precision>
      <unit />
      <description>Brenner 1. Stufe</description>
      <enable>1</enable>
      <speichern>0</speichern>
    </datapoint>
    <datapoint name="ExtSicherheit - DigEin " ID="DigitalEingang ExtSicherheit">
      <addr>0881</addr>
      <len>1</len>
      <precision>1</precision>
      <unit />
      <description>Eingang externe Sicherheitskette</description>
      <enable>0</enable>
      <speichern>0</speichern>
    </datapoint>
    <datapoint name="STB - DigEin" ID="DigitalEingang STB">
      <addr>0882</addr>
      <len>1</len>
      <precision>1</precision>
      <unit />
      <description>Eingang STB-Stoerung</description>
      <enable>0</enable>
      <speichern>0</speichern>
    </datapoint>
    <datapoint name="Sammelstoerung DigEin" ID="DigitalEingang SammelStoerung">
      <addr>0A82</addr>
      <len>1</len>
      <precision>1</precision>
      <unit />
      <description>Eingang Sammelstoerung</description>
      <enable>1</enable>
      <speichern>1</speichern>
    </datapoint>
    <datapoint name="Brennerstoerung" ID="Brennerstörung">
      <addr>0884</addr>
      <len>1</len>
      <precision>1</precision>
      <unit />
      <description>Brennerstörung</description>
      <enable>1</enable>
      <speichern>1</speichern>
    </datapoint>
    <datapoint name="Fehlerstatus Brennersteuergerät" ID="Fehlerstatus Brennersteuergerät">
      <addr>5738</addr>
      <len>1</len>
      <precision>1</precision>
      <unit />
      <description>Fehlerstatus Brennersteuergerät</description>
      <enable>1</enable>
      <speichern>1</speichern>
    </datapoint>
    <datapoint name="HK-Pumpenstatus" ID="HK-Pumpenstatus">
      <addr>230A</addr>
      <len>1</len>
      <precision>1</precision>
      <unit />
      <description>HK-Pumpenstatus</description>
      <enable>0</enable>
      <speichern>0</speichern>
    </datapoint>
    <datapoint name="Frostschutzfunktion A1M1" ID="KA4_KonfiKeineFrostschutzfunktionA1M1">
      <addr>27A4</addr>
      <len>1</len>
      <precision>1</precision>
      <unit />
      <description>Frostschutz</description>
      <enable>0</enable>
      <speichern>0</speichern>
    </datapoint>
    <datapoint name="BedienBetriebsart HK1" ID="BedienBetriebsartM2">
      <addr>2323</addr>
      <len>1</len>
      <precision>1</precision>
      <unit />
      <description>Betriebsart</description>
      <enable>0</enable>
      <speichern>0</speichern>
    </datapoint>
    <datapoint name="HK M2 aktuelle Betriebsart" ID="HK AktuelleBetriebsartM2">
      <addr>3500</addr>
      <len>1</len>
      <blocklen>1</blocklen>
      <offset>0</offset>
      <precision>1</precision>
      <unit />
      <description>Aktuelle Betriebsart</description>
      <enable>0</enable>
      <speichern>0</speichern>
    </datapoint>
    <datapoint name="### Brenner Statistik ######" ID="### Brenner Statistik ######">
      <len>0</len>
      <description>### Brenner Statistik ######</description>
      <enable>0</enable>
      <speichern>0</speichern>
    </datapoint>
    <datapoint name="Brennerstarts" ID="Brennerstarts">
      <addr>088A</addr>
      <len>4</len>
      <precision>1</precision>
      <unit />
      <description>Brennerstarts</description>
      <enable>1</enable>
      <speichern>1</speichern>
    </datapoint>
    <datapoint name="Betriebsstunden Brenner1Bedienung" ID="BetriebsstundenBrenner1Bedienung">
      <addr>08A7</addr>
      <len>4</len>
      <precision>2.7777778e-4</precision>
      <unit />
      <description>Brenner-Betriebsstunden 1. Stufe</description>
      <enable>1</enable>
      <speichern>1</speichern>
    </datapoint>
    <datapoint name="### Verbrauch ######" ID="### Verbrauch ######">
      <len>0</len>
      <description>### Verbrauch ######</description>
      <enable>0</enable>
      <speichern>0</speichern>
    </datapoint>
    <datapoint name="Gasverbrauch Heizen Aktuelles Jahr" ID="Gasverbrauch Heizen Aktuelles Jahr">
      <addr>9128</addr>
      <len>4</len>
      <precision>1</precision>
      <unit>kWh</unit>
      <description>Gasverbrauch Heizen Aktuelles Jahr</description>
      <enable>0</enable>
      <speichern>0</speichern>
    </datapoint>
    <datapoint name="Gasverbrauch WW Aktuelles Jahr" ID="Gasverbrauch WW Aktuelles Jahr">
      <addr>925C</addr>
      <len>4</len>
      <precision>1</precision>
      <unit>kWh</unit>
      <description>Gasverbrauch WW Aktuelles Jahr</description>
      <enable>0</enable>
      <speichern>0</speichern>
    </datapoint>
    <datapoint name="Gasverbrauch Heizen Jahr -1" ID="Gasverbrauch Heizen Jahr -1">
      <addr>912C</addr>
      <len>4</len>
      <precision>1</precision>
      <unit>kWh</unit>
      <description>Gasverbrauch Heizen Jahr -1</description>
      <enable>0</enable>
      <speichern>0</speichern>
    </datapoint>
    <datapoint name="Gasverbrauch WW Jahr -1" ID="Gasverbrauch WW Jahr -1">
      <addr>9260</addr>
      <len>4</len>
      <precision>1</precision>
      <unit>kWh</unit>
      <description>Gasverbrauch WW Jahr -1</description>
      <enable>0</enable>
      <speichern>0</speichern>
    </datapoint>
    <datapoint name="Gasverbrauch Heizen Jahr -2" ID="Gasverbrauch Heizen Jahr -2">
      <addr>9130</addr>
      <len>4</len>
      <precision>1</precision>
      <unit>kWh</unit>
      <description>Gasverbrauch Heizen Jahr -2</description>
      <enable>0</enable>
      <speichern>0</speichern>
    </datapoint>
    <datapoint name="Gasverbrauch WW Jahr -2" ID="Gasverbrauch WW Jahr -2">
      <addr>9264</addr>
      <len>4</len>
      <precision>1</precision>
      <unit>kWh</unit>
      <description>Gasverbrauch WW Jahr -2</description>
      <enable>0</enable>
      <speichern>0</speichern>
    </datapoint>
    <datapoint name="Stromverbrauch Aktuelles Jahr" ID="Stromverbrauch Aktuelles Jahr">
      <addr>9390</addr>
      <len>4</len>
      <precision>0.001</precision>
      <unit>kWh</unit>
      <description>Stromverbrauch Aktuelles Jahr</description>
      <enable>0</enable>
      <speichern>0</speichern>
    </datapoint>
    <datapoint name="Stromverbrauch Jahr -1" ID="Stromverbrauch Jahr -1">
      <addr>9394</addr>
      <len>4</len>
      <precision>0.001</precision>
      <unit>kWh</unit>
      <description>Stromverbrauch Jahr -1</description>
      <enable>0</enable>
      <speichern>0</speichern>
    </datapoint>
    <datapoint name="Stromverbrauch Jahr -2" ID="Stromverbrauch Jahr -2">
      <addr>9398</addr>
      <len>4</len>
      <precision>0.001</precision>
      <unit>kWh</unit>
      <description>Stromverbrauch Jahr -2</description>
      <enable>0</enable>
      <speichern>0</speichern>
    </datapoint>
    <datapoint name="### Heizkreis ######" ID="### Heizkreis ######">
      <len>0</len>
      <description>### Heizkreis ######</description>
      <enable>0</enable>
      <speichern>0</speichern>
    </datapoint>
    <datapoint name="Stellung Umschaltventil" ID="Stellung Umschaltventil">
      <addr>0A10</addr>
      <len>1</len>
      <precision>1</precision>
      <unit />
      <description>Stellung Umschaltventil</description>
      <enable>1</enable>
      <speichern>1</speichern>
    </datapoint>
    <datapoint name="Pumpenleistung" ID="Pumpenleistung">
      <addr>0A3C</addr>
      <len>1</len>
      <precision>1</precision>
      <unit>%</unit>
      <description>Pumpenleistung</description>
      <enable>1</enable>
      <speichern>1</speichern>
    </datapoint>
    <datapoint name="Volumenstrom" ID="Volumenstrom">
      <addr>0C24</addr>
      <len>2</len>
      <precision>0.1</precision>
      <unit>l/h</unit>
      <description>Volumenstrom</description>
      <enable>1</enable>
      <speichern>1</speichern>
    </datapoint>
    <datapoint name="Rücklauftemp" ID="Rücklauftemp">
      <addr>0C20</addr>
      <len>2</len>
      <precision>0.01</precision>
      <unit>Grad</unit>
      <description>Rücklauftemp</description>
      <enable>1</enable>
      <speichern>1</speichern>
    </datapoint>
    <datapoint name="HK-Pumpe" ID="Heizkreispumpe">
      <addr>7660</addr>
      <len>1</len>
      <precision>1</precision>
      <unit />
      <description>Heizkreispumpe</description>
      <enable>0</enable>
      <speichern>0</speichern>
    </datapoint>
    <datapoint name="Förderhöhe" ID="Neptun_ParamFoerderhoehe">
      <addr>7688</addr>
      <len>2</len>
      <precision>1</precision>
      <unit>mbar</unit>
      <description>?</description>
      <enable>0</enable>
      <speichern>0</speichern>
    </datapoint>
    <datapoint name="Sollleistung der Heizkreispumpe in Prozent" ID="Sollleistung der Heizkreispumpe in Prozent">
      <addr>5731</addr>
      <len>1</len>
      <precision>1</precision>
      <unit>%</unit>
      <description>Sollleistung der Heizkreispumpe in Prozent</description>
      <enable>0</enable>
      <speichern>0</speichern>
    </datapoint>
    <datapoint name="Restförderhöhe der internen Umwälzpumpe" ID="Delta-p/cv Regelung">
      <addr>7786</addr>
      <len>1</len>
      <precision>1</precision>
      <unit>mbar</unit>
      <description>0=aussenstemperaturgesteuert</description>
      <enable>0</enable>
      <speichern>0</speichern>
    </datapoint>
    <datapoint name="Differenzdruckanstieg pro Volumenstrom" ID="Delta-p/v Regelung">
      <addr>7787</addr>
      <len>1</len>
      <precision>1</precision>
      <unit>mbar/(l/h)</unit>
      <description>0=konstante Restförderhöhe</description>
      <enable>0</enable>
      <speichern>0</speichern>
    </datapoint>
    <datapoint name="### Allgemein Ebene 2 ######" ID="### Allgemein ######">
      <len>0</len>
      <description>### Allgemein ######</description>
      <enable>0</enable>
      <speichern>0</speichern>
    </datapoint>
    <datapoint name="Anlagenschema" ID="K00_KonfiAnlagenschemaV300_V333">
      <addr>7700</addr>
      <len>1</len>
      <precision>1</precision>
      <unit></unit>
      <description>Anz.Heizkreise, Mischer, Trinkwassererwärmung - teilw. automatisch</description>
      <enable>0</enable>
      <speichern>0</speichern>
    </datapoint>
    <datapoint name="Haustyp" ID="">
      <addr>777F</addr>
      <len>1</len>
      <precision>1</precision>
      <unit></unit>
      <description>1=Einfamilienhaus, 0=Mehrfamilienhaus </description>
      <enable>0</enable>
      <speichern>0</speichern>
    </datapoint>
    <datapoint name="Verzögerung Störungsmeldung" ID="Separate Einst. Ferienpr. und Zeitpr. Trinkwassererw.">
      <addr>7780</addr>
      <len>1</len>
      <precision>1</precision>
      <unit>5sek</unit>
      <description>6=default 30 Sek., 0=sofort</description>
      <enable>0</enable>
      <speichern>0</speichern>
    </datapoint>
    <datapoint name="Automatische Sommer-/Winterzeit Umstellung" ID="Sommer-/Winterzeit Umstellung">
      <addr>7781</addr>
      <len>1</len>
      <precision>1</precision>
      <unit></unit>
      <description>1=mit, 0=ohne, 2=Funkuhr, 3=LON</description>
      <enable>0</enable>
      <speichern>0</speichern>
    </datapoint>
    <datapoint name="Einheit Temperaturanzeige" ID="Sommer-/Winterzeit Umstellung">
      <addr>7788</addr>
      <len>1</len>
      <precision>1</precision>
      <unit></unit>
      <description>0=°Celsius, 1=°Fahrenheit</description>
      <enable>0</enable>
      <speichern>0</speichern>
    </datapoint>
    <datapoint name="Bedienung freigeben/sperren" ID="Bedienung freigeben/sperren">
      <addr>778F</addr>
      <len>1</len>
      <precision>1</precision>
      <unit></unit>
      <description>0=alles bedienbar, 1=nur Schornst.feger, 2=Grundanzeige und Schornst.feger</description>
      <enable>0</enable>
      <speichern>0</speichern>
    </datapoint>
    <datapoint name="Anzeigebedingungen Parameter" ID="Anzeigebedingungen Parameter">
      <addr>778A</addr>
      <len>1</len>
      <precision>1</precision>
      <unit></unit>
      <description>175=normal, 176=für technischen Dienst</description>
      <enable>0</enable>
      <speichern>0</speichern>
    </datapoint>
    <datapoint name="### Sparschaltungen ######" ID="### Sparschaltungen ######">
      <len>0</len>
      <description>### Sparschaltungen ######</description>
      <enable>0</enable>
      <speichern>0</speichern>
    </datapoint>
    <datapoint name="BedienSparbetrieb" ID="BedienSparbetriebM2">
      <addr>2302</addr>
      <len>1</len>
      <precision>1</precision>
      <unit />
      <description>Sparbetrieb</description>
      <enable>1</enable>
      <speichern>0</speichern>
    </datapoint>
    <datapoint name="BedienPartybetrieb" ID="BedienPartybetriebM2">
      <addr>2303</addr>
      <len>1</len>
      <precision>1</precision>
      <unit />
      <description>Partybetrieb</description>
      <enable>1</enable>
      <speichern>0</speichern>
    </datapoint>
    <datapoint name="Frostgefahr, aktuelle RTS, ua für HK1" ID="HK_AktuelleBetriebsartA1M1">
      <addr>2500</addr>
      <len>22</len>
      <precision>1</precision>
      <unit />
      <description>Frostgefahr</description>
      <enable>1</enable>
      <speichern>0</speichern>
    </datapoint>
    <datapoint name="Frostgrenze A1M1" ID="KA3_KonfiFrostgrenzeA1M1_GWG_4">
      <addr>27A3</addr>
      <len>1</len>
      <precision>-1</precision>
      <unit />
      <description>HK-Pumpenschaltpunkt Frostschutz in Grad</description>
      <enable>0</enable>
      <speichern>0</speichern>
    </datapoint>
    <datapoint name="HK-Pumpensparschaltung" ID="KA5_KonfSommersparSchaltschwelleA1M1">
      <addr>27A5</addr>
      <len>1</len>
      <precision>1</precision>
      <unit />
      <description>HK-Pumpensparschaltung</description>
      <enable>0</enable>
      <speichern>0</speichern>
    </datapoint>
    <datapoint name="Erweiterte Sparschaltung, Brenner und HK-Pumpe" ID="Erweiterte Sparschaltung, Brenner und HK-Pumpe">
      <addr>27A6</addr>
      <len>1</len>
      <precision>1</precision>
      <unit />
      <description>Erweiterte Sparschaltung, Brenner und HK-Pumpe</description>
      <enable>0</enable>
      <speichern>0</speichern>
    </datapoint>
    <datapoint name="Pumpenstillstand bei Betriebsartwechsel" ID="Pumpenstillstand bei Betriebsartwechsel">
      <addr>27A9</addr>
      <len>1</len>
      <precision>1</precision>
      <unit />
      <description>Pumpenstillstand bei Betriebsartwechsel</description>
      <enable>0</enable>
      <speichern>0</speichern>
    </datapoint>
    <datapoint name="Fernbedienung Heizbetrieb" ID="FernbedienungHeizbetrieb">
      <addr>27B0</addr>
      <len>1</len>
      <precision>1</precision>
      <unit />
      <description>Fernbedienung Heizbetrieb</description>
      <enable>0</enable>
      <speichern>0</speichern>
    </datapoint>
    <datapoint name="### Heizkennlinie ######" ID="### Heizkennlinie ######">
      <len>0</len>
      <description>### Heizkennlinie ######</description>
      <enable>0</enable>
      <speichern>0</speichern>
    </datapoint>
    <datapoint name="BedienNeigung" ID="BedienNeigungM2">
      <addr>27d3</addr>
      <len>1</len>
      <precision>0.1</precision>
      <unit />
      <description>Neigung der Heizkennlinie</description>
      <enable>0</enable>
      <speichern>0</speichern>
    </datapoint>
    <datapoint name="BedienNiveau" ID="BedienNiveauM2">
      <addr>27d4</addr>
      <len>1</len>
      <precision>-1</precision>
      <unit />
      <description>Niveau der Heizkennlinie</description>
      <enable>0</enable>
      <speichern>0</speichern>
    </datapoint>
    <datapoint name="Erhöhung KT Soll bei Übergang red. zu Normalbetrieb" ID="Erhöhung KT Soll bei Übergang red. zu Normalbetrieb">
      <addr>27FA</addr>
      <len>1</len>
      <precision>1</precision>
      <unit />
      <description>Erhöhung KT Soll bei Übergang red. zu Normalbetrieb</description>
      <enable>0</enable>
      <speichern>0</speichern>
    </datapoint>
    <datapoint name="Zeitdauer Erhöhung KT Soll in Min." ID="Zeitdauer Erhöhung KT Soll in Min.">
      <addr>27FB</addr>
      <len>1</len>
      <precision>1</precision>
      <unit />
      <description>Zeitdauer Erhöhung KT Soll in Min.</description>
      <enable>0</enable>
      <speichern>0</speichern>
    </datapoint>
    <datapoint name="AT Grenze für Aufhebung des red. RT-Sollwerts" ID="AT Grenze für Aufhebung des red. RT-Sollwerts">
      <addr>27F8</addr>
      <len>1</len>
      <precision>-1</precision>
      <unit />
      <description>AT Grenze für Aufhebung des red. RT-Sollwerts</description>
      <enable>0</enable>
      <speichern>0</speichern>
    </datapoint>
    <datapoint name="AT Grenze für Anhebung des red. RT-Sollwerts" ID="AT Grenze für Aufhebung des red. RT-Sollwerts">
      <addr>27F9</addr>
      <len>1</len>
      <precision>-1</precision>
      <unit />
      <description>AT Grenze für Anhebung des red. RT-Sollwerts</description>
      <enable>0</enable>
      <speichern>0</speichern>
    </datapoint>
    <datapoint name="Dämpfung der AT Zeitkonstante  in 10 Min." ID="Dämpfung der AT Zeitkonstante  in 10 Min.">
      <addr>7790</addr>
      <len>1</len>
      <precision>1</precision>
      <unit />
      <description>Dämpfung der AT Zeitkonstante  in 10 Min.</description>
      <enable>0</enable>
      <speichern>0</speichern>
    </datapoint>
    <datapoint name="### Sollwerte Einstellungen ######" ID="### Sollwerte Einstellungen ######">
      <len>0</len>
      <description>### Sollwerte Einstellungen ######</description>
      <enable>0</enable>
      <speichern>0</speichern>
    </datapoint>
    <datapoint name="RaumSollTemperatur" ID="BedienRTSolltemperaturM2">
      <addr>2306</addr>
      <len>1</len>
      <precision>1</precision>
      <unit>Grad</unit>
      <description>Raumsolltemperatur Normalbetrieb</description>
      <enable>0</enable>
      <speichern>0</speichern>
    </datapoint>
    <datapoint name="RaumSollTemperaturReduziert" ID="BedienRTSolltemperaturReduziertM2">
      <addr>2307</addr>
      <len>1</len>
      <precision>1</precision>
      <unit>Grad</unit>
      <description>Raumsolltemperatur Reduzierter Betrieb</description>
      <enable>0</enable>
      <speichern>0</speichern>
    </datapoint>
    <datapoint name="BedienRTSoll Party" ID="BedienRTSoll PartyM2">
      <addr>2308</addr>
      <len>1</len>
      <precision>1</precision>
      <unit>Grad</unit>
      <description>Raumsolltemperatur Partybetrieb</description>
      <enable>0</enable>
      <speichern>0</speichern>
    </datapoint>
    <datapoint name="### Min/Max Einstellungen ######" ID="### Min/Max Einstellungen ######">
      <len>0</len>
      <description>### Min/Max Einstellungen ######</description>
      <enable>0</enable>
      <speichern>0</speichern>
    </datapoint>
    <datapoint name="Max. HK-Pumpenleistung" ID="Max. HK-Pumpenleistung">
      <addr>27E6</addr>
      <len>1</len>
      <precision>1</precision>
      <unit>%</unit>
      <description>Max. HK-Pumpenleistung</description>
      <enable>0</enable>
      <speichern>0</speichern>
    </datapoint>
    <datapoint name="Min. HK-Pumpenleistung" ID="Min. HK-Pumpenleistung">
      <addr>27E7</addr>
      <len>1</len>
      <precision>1</precision>
      <unit>%</unit>
      <description>Min. HK-Pumpenleistung</description>
      <enable>0</enable>
      <speichern>0</speichern>
    </datapoint>
    <datapoint name="Min. HK Pumpenleistung bei red. Betrieb nach E9" ID="Min. HK Pumpenleistung bei red. Betrieb nach E9">
      <addr>27E8</addr>
      <len>1</len>
      <precision>1</precision>
      <unit />
      <description>Min. HK Pumpenleistung bei red. Betrieb nach E9</description>
      <enable>0</enable>
      <speichern>0</speichern>
    </datapoint>
    <datapoint name="Min. HK Pumpenleistung bei red. Betrieb" ID="Min. HK Pumpenleistung bei red. Betrieb">
      <addr>27E9</addr>
      <len>1</len>
      <precision>1</precision>
      <unit>%</unit>
      <description>Min. HK Pumpenleistung bei red. Betrieb</description>
      <enable>0</enable>
      <speichern>0</speichern>
    </datapoint>
    <datapoint name="### Kessel-Regelung ######" ID="### Kessel-Regelung ######">
      <len>0</len>
      <description>### Kessel-Regelung ######</description>
      <enable>0</enable>
      <speichern>0</speichern>
    </datapoint>
    <datapoint name="KesselTmp Soll" ID="Soll-Kesseltemperatur">
      <addr>555A</addr>
      <len>2</len>
      <precision>0.1</precision>
      <unit>Grad</unit>
      <description>Soll-Kesseltemperatur</description>
      <enable>1</enable>
      <speichern>1</speichern>
    </datapoint>
    <datapoint name="KesselTmp" ID="AD Wandler KT-S">
      <addr>0802</addr>
      <len>2</len>
      <precision>0.1</precision>
      <unit>Grad</unit>
      <description>Temperatur Sensor 3</description>
      <enable>0</enable>
      <speichern>0</speichern>
    </datapoint>
    <datapoint name="KesselTmp g." ID="gedaempfter Wert KT-S">
      <addr>0810</addr>
      <len>2</len>
      <precision>0.1</precision>
      <unit>Grad</unit>
      <description>Kesseltemperatur</description>
      <enable>0</enable>
      <speichern>0</speichern>
    </datapoint>
    <datapoint name="Brennerleistung" ID=" Brennerleistung">
      <addr>A38F</addr>
      <len>1</len>
      <precision>0.5</precision>
      <unit>%</unit>
      <description>Brennerleistung</description>
      <enable>1</enable>
      <speichern>1</speichern>
    </datapoint>
    <datapoint name="Brennermodulation" ID="Brennerflamme">
      <addr>55D3</addr>
      <len>1</len>
      <precision>1</precision>
      <unit />
      <description>Brennerflamme</description>
      <enable>1</enable>
      <speichern>1</speichern>
    </datapoint>
    <datapoint name="Maximale Heizleistung" ID="Max. Heizleistung">
      <addr>8832</addr>
      <len>1</len>
      <precision>1</precision>
      <unit>%</unit>
      <description>Maximale Heizleistung</description>
      <enable>0</enable>
      <speichern>0</speichern>
    </datapoint>
    <datapoint name="Brenner-Mindestpausenzeit" ID="0=Standard, 1=Differenzialverfahren, 2=Integralverfahren">
      <addr>5704</addr>
      <len>1</len>
      <precision>1</precision>
      <unit></unit>
      <description>Brenner-Mindestpausenzeit</description>
      <enable>0</enable>
      <speichern>0</speichern>
    </datapoint>
    <datapoint name="Integralschwellwert" ID="nur mit 5704:2">
      <addr>5710</addr>
      <len>1</len>
      <precision>1</precision>
      <unit>°min</unit>
      <description>Integralschwellwert</description>
      <enable>0</enable>
      <speichern>0</speichern>
    </datapoint>
    <datapoint name="Status" ID="Status">
      <addr>A152</addr>
      <len>2</len>
      <precision>1</precision>
      <unit />
      <description>Status</description>
      <enable>1</enable>
      <speichern>1</speichern>
    </datapoint>
    <datapoint name="### Warmwasser ######" ID="### Warmwasser ######">
      <len>0</len>
      <description>### Warmwasser ######</description>
      <enable>0</enable>
      <speichern>0</speichern>
    </datapoint>
    <datapoint name="Warmwasser Soll Temperatur" ID="WW soll">
      <addr>6300</addr>
      <len>1</len>
      <precision>1</precision>
      <unit>Grad</unit>
      <description>Solltemperatur Warmwasser</description>
      <enable>0</enable>
      <speichern>0</speichern>
    </datapoint>
    <datapoint name="ST Soll akt" ID="Soll-Speichertemperatur">
      <addr>6500</addr>
      <len>2</len>
      <precision>0.1</precision>
      <unit>Grad</unit>
      <description>Soll-Speichertemperatur</description>
      <enable>1</enable>
      <speichern>1</speichern>
    </datapoint>
    <datapoint name="WWp.  E/A" ID="DigitalAusgang Speicherladepumpe">
      <addr>6513</addr>
      <len>1</len>
      <precision>1</precision>
      <unit />
      <description>Speicherladepumpe</description>
      <enable>1</enable>
      <speichern>1</speichern>
    </datapoint>
    <datapoint name="ZirkuP.  E/A" ID="DigitalAusgang Zirkulationspumpe">
      <addr>6515</addr>
      <len>1</len>
      <precision>1</precision>
      <unit />
      <description>Zirkulationspumpe</description>
      <enable>1</enable>
      <speichern>1</speichern>
    </datapoint>
    <datapoint name="Warmwasserbereitungs-Einschaltpunkt" ID="Warmwasserbereitungs-Einschaltpunkt">
      <addr>6759</addr>
      <len>1</len>
      <precision>1</precision>
      <unit />
      <description>Warmwasserbereitungs-Einschaltpunkt</description>
      <enable>0</enable>
      <speichern>0</speichern>
    </datapoint>
    <datapoint name="Max. Delta KT zu WW-T Soll" ID="Max. Delta KT zu WW-T Soll">
      <addr>6760</addr>
      <len>1</len>
      <precision>1</precision>
      <unit />
      <description>Max. Delta KT zu WW-T Soll</description>
      <enable>0</enable>
      <speichern>0</speichern>
    </datapoint>
    <datapoint name="Pumpennachlaufzeit nach WW-Bereitung" ID="Pumpennachlaufzeit nach WW-Bereitung">
      <addr>6762</addr>
      <len>1</len>
      <precision>1</precision>
      <unit />
      <description>Pumpennachlaufzeit nach WW-Bereitung</description>
      <enable>0</enable>
      <speichern>0</speichern>
    </datapoint>
    <datapoint name="Soll Pumpenleistung bei WW-Bereitung" ID="Soll Pumpenleistung bei WW-Bereitung">
      <addr>676C</addr>
      <len>1</len>
      <precision>1</precision>
      <unit>%</unit>
      <description>Soll Pumpenleistung bei WW-Bereitung</description>
      <enable>0</enable>
      <speichern>0</speichern>
    </datapoint>
    <datapoint name="Max. Brennerleistung bei WW-Bereitung" ID="Max. Brennerleistung bei WW">
      <addr>676F</addr>
      <len>1</len>
      <precision>1</precision>
      <unit>%</unit>
      <description>WW max. Brennerleistung</description>
      <enable>0</enable>
      <speichern>0</speichern>
    </datapoint>
    <datapoint name="Zirkulationspumpe Frequenz pro Stunde" ID="Zirkulationspumpe Frequenz pro Stunde">
      <addr>6773</addr>
      <len>1</len>
      <precision>1</precision>
      <unit />
      <description>Zirkulationspumpe Frequenz pro Stunde</description>
      <enable>0</enable>
      <speichern>0</speichern>
    </datapoint>
    <datapoint name="Laufzeit Zirkulationspumpe im Kurzzeitbetrieb in Min." ID="Laufzeit Zirkulationspumpe im Kurzzeitbetrieb in Min.">
      <addr>773D</addr>
      <len>1</len>
      <precision>1</precision>
      <unit />
      <description>Laufzeit Zirkulationspumpe im Kurzzeitbetrieb in Min.</description>
      <enable>0</enable>
      <speichern>0</speichern>
    </datapoint>
    <datapoint name="Einmalladung WW" ID="Einmalladung WW">
      <addr>65F5</addr>
      <len>1</len>
      <precision>1</precision>
      <unit />
      <description>Einmalladung WW</description>
      <enable>0</enable>
      <speichern>0</speichern>
    </datapoint>
    <datapoint name="### Schaltzeiten Heizung ######" ID="### Schaltzeiten Heizung ######">
      <len>0</len>
      <description>### Schaltzeiten Heizung ######</description>
      <enable>0</enable>
      <speichern>0</speichern>
    </datapoint>
    <datapoint name="Schaltzeiten Heizung Montag" ID="Schaltzeiten Heizung Montag">
      <addr>2000</addr>
      <len>8</len>
      <blocklen>0</blocklen>
      <offset>0</offset>
      <precision>1</precision>
      <unit />
      <description>Schaltzeiten Heizung Montag</description>
      <enable>0</enable>
      <speichern>0</speichern>
    </datapoint>
    <datapoint name="Schaltzeiten Heizung Dienstag" ID="Schaltzeiten Heizung Dienstag">
      <addr>2000</addr>
      <len>8</len>
      <blocklen>0</blocklen>
      <offset>8</offset>
      <precision>1</precision>
      <unit />
      <description>Schaltzeiten Heizung Dienstag</description>
      <enable>0</enable>
      <speichern>0</speichern>
    </datapoint>
    <datapoint name="Schaltzeiten Heizung Mittwoch" ID="Schaltzeiten Heizung Mittwoch">
      <addr>2000</addr>
      <len>8</len>
      <blocklen>0</blocklen>
      <offset>16</offset>
      <precision>1</precision>
      <unit />
      <description>Schaltzeiten Heizung Mittwoch</description>
      <enable>0</enable>
      <speichern>0</speichern>
    </datapoint>
    <datapoint name="Schaltzeiten Heizung Donnerstag" ID="Schaltzeiten Heizung Donnerstag">
      <addr>2000</addr>
      <len>8</len>
      <blocklen>0</blocklen>
      <offset>24</offset>
      <precision>1</precision>
      <unit />
      <description>Schaltzeiten Heizung Donnerstag</description>
      <enable>0</enable>
      <speichern>0</speichern>
    </datapoint>
    <datapoint name="Schaltzeiten Heizung Freitag" ID="Schaltzeiten Heizung Freitag">
      <addr>2000</addr>
      <len>8</len>
      <blocklen>0</blocklen>
      <offset>32</offset>
      <precision>1</precision>
      <unit />
      <description>Schaltzeiten Heizung Freitag</description>
      <enable>0</enable>
      <speichern>0</speichern>
    </datapoint>
    <datapoint name="Schaltzeiten Heizung Samstag" ID="Schaltzeiten Heizung Samstag">
      <addr>2000</addr>
      <len>8</len>
      <blocklen>0</blocklen>
      <offset>40</offset>
      <precision>1</precision>
      <unit />
      <description>Schaltzeiten Heizung Samstag</description>
      <enable>0</enable>
      <speichern>0</speichern>
    </datapoint>
    <datapoint name="Schaltzeiten Heizung Sonntag" ID="Schaltzeiten Heizung Sonntag">
      <addr>2000</addr>
      <len>8</len>
      <blocklen>0</blocklen>
      <offset>48</offset>
      <precision>1</precision>
      <unit />
      <description>Schaltzeiten Heizung Sonntag</description>
      <enable>0</enable>
      <speichern>0</speichern>
    </datapoint>
    <datapoint name="Schaltzeiten Warmwasser Montag" ID="Schaltzeiten Warmwasser Montag">
      <addr>2100</addr>
      <len>8</len>
      <blocklen>0</blocklen>
      <offset>0</offset>
      <precision>1</precision>
      <unit />
      <description>Schaltzeiten Warmwasser Montag</description>
      <enable>0</enable>
      <speichern>0</speichern>
    </datapoint>
    <datapoint name="Schaltzeiten Warmwasser Dienstag" ID="Schaltzeiten Warmwasser Dienstag">
      <addr>2100</addr>
      <len>8</len>
      <blocklen>0</blocklen>
      <offset>8</offset>
      <precision>1</precision>
      <unit />
      <description>Schaltzeiten Warmwasser Dienstag</description>
      <enable>0</enable>
      <speichern>0</speichern>
    </datapoint>
    <datapoint name="Schaltzeiten Warmwasser Mittwoch" ID="Schaltzeiten Warmwasser Mittwoch">
      <addr>2100</addr>
      <len>8</len>
      <blocklen>0</blocklen>
      <offset>16</offset>
      <precision>1</precision>
      <unit />
      <description>Schaltzeiten Warmwasser Mittwoch</description>
      <enable>0</enable>
      <speichern>0</speichern>
    </datapoint>
    <datapoint name="Schaltzeiten Warmwasser Donnerstag" ID="Schaltzeiten Warmwasser Donnerstag">
      <addr>2100</addr>
      <len>8</len>
      <blocklen>0</blocklen>
      <offset>24</offset>
      <precision>1</precision>
      <unit />
      <description>Schaltzeiten Warmwasser Donnerstag</description>
      <enable>0</enable>
      <speichern>0</speichern>
    </datapoint>
    <datapoint name="Schaltzeiten Warmwasser Freitag" ID="Schaltzeiten Warmwasser Freitag">
      <addr>2100</addr>
      <len>8</len>
      <blocklen>0</blocklen>
      <offset>32</offset>
      <precision>1</precision>
      <unit />
      <description>Schaltzeiten Warmwasser Freitag</description>
      <enable>0</enable>
      <speichern>0</speichern>
    </datapoint>
    <datapoint name="Schaltzeiten Warmwasser Samstag" ID="Schaltzeiten Warmwasser Samstag">
      <addr>2100</addr>
      <len>8</len>
      <blocklen>0</blocklen>
      <offset>40</offset>
      <precision>1</precision>
      <unit />
      <description>Schaltzeiten Warmwasser Samstag</description>
      <enable>0</enable>
      <speichern>0</speichern>
    </datapoint>
    <datapoint name="Schaltzeiten Warmwasser Sonntag" ID="Schaltzeiten Warmwasser Sonntag">
      <addr>2100</addr>
      <len>8</len>
      <blocklen>0</blocklen>
      <offset>48</offset>
      <precision>1</precision>
      <unit />
      <description>Schaltzeiten Warmwasser Sonntag</description>
      <enable>0</enable>
      <speichern>0</speichern>
    </datapoint>
    <datapoint name="Schaltzeiten Zirkulation Montag" ID="Schaltzeiten Zirkulation Montag">
      <addr>2200</addr>
      <len>8</len>
      <blocklen>0</blocklen>
      <offset>0</offset>
      <precision>1</precision>
      <unit />
      <description>Schaltzeiten Zirkulation Montag</description>
      <enable>0</enable>
      <speichern>0</speichern>
    </datapoint>
    <datapoint name="Schaltzeiten Zirkulation Dienstag" ID="Schaltzeiten Zirkulation Dienstag">
      <addr>2200</addr>
      <len>8</len>
      <blocklen>0</blocklen>
      <offset>8</offset>
      <precision>1</precision>
      <unit />
      <description>Schaltzeiten Zirkulation Dienstag</description>
      <enable>0</enable>
      <speichern>0</speichern>
    </datapoint>
    <datapoint name="Schaltzeiten Zirkulation Mittwoch" ID="Schaltzeiten Zirkulation Mittwoch">
      <addr>2200</addr>
      <len>8</len>
      <blocklen>0</blocklen>
      <offset>16</offset>
      <precision>1</precision>
      <unit />
      <description>Schaltzeiten Zirkulation Mittwoch</description>
      <enable>0</enable>
      <speichern>0</speichern>
    </datapoint>
    <datapoint name="Schaltzeiten Zirkulation Donnerstag" ID="Schaltzeiten Zirkulation Donnerstag">
      <addr>2200</addr>
      <len>8</len>
      <blocklen>0</blocklen>
      <offset>24</offset>
      <precision>1</precision>
      <unit />
      <description>Schaltzeiten Zirkulation Donnerstag</description>
      <enable>0</enable>
      <speichern>0</speichern>
    </datapoint>
    <datapoint name="Schaltzeiten Zirkulation Freitag" ID="Schaltzeiten Zirkulation Freitag">
      <addr>2200</addr>
      <len>8</len>
      <blocklen>0</blocklen>
      <offset>32</offset>
      <precision>1</precision>
      <unit />
      <description>Schaltzeiten Zirkulation Freitag</description>
      <enable>0</enable>
      <speichern>0</speichern>
    </datapoint>
    <datapoint name="Schaltzeiten Zirkulation Samstag" ID="Schaltzeiten Zirkulation Samstag">
      <addr>2200</addr>
      <len>8</len>
      <blocklen>0</blocklen>
      <offset>40</offset>
      <precision>1</precision>
      <unit />
      <description>Schaltzeiten Zirkulation Samstag</description>
      <enable>0</enable>
      <speichern>0</speichern>
    </datapoint>
    <datapoint name="Schaltzeiten Zirkulation Sonntag" ID="Schaltzeiten Zirkulation Sonntag">
      <addr>2200</addr>
      <len>8</len>
      <blocklen>0</blocklen>
      <offset>48</offset>
      <precision>1</precision>
      <unit />
      <description>Schaltzeiten Zirkulation Sonntag</description>
      <enable>0</enable>
      <speichern>0</speichern>
    </datapoint>
  </datapoints>
</vito>